,lotAreaValue,address,bedrooms,longitude,latitude,zpid,bathrooms,livingArea,CONDO,LOT,SINGLE_FAMILY,TOWNHOUSE,price
89,0.179981634527089,27613,3.0,-78.75085,35.925007,6515009,2.5,2007.0,0,0,1,0,490000
773,0.26,27613,3.0,-78.740234,35.92454,6540974,3.0,1991.0,0,0,1,0,460000
165,0.92,27613,4.0,-78.69982,35.925026,80208142,6.0,4978.0,0,0,1,0,1275000
195,1.7699954086318,27587,3.0,-78.40052,35.93462,336860835,3.0,2108.0,0,1,0,0,781000
881,3.95,27539,5.0,-78.817566,35.69839,6536910,5.0,4437.0,0,0,1,0,980000
267,0.1399999999999999,27616,3.0,-78.56781,35.855083,50111098,3.0,1408.0,0,0,1,0,320000
414,0.48,27518,5.0,-78.79894,35.71192,53460679,5.0,4606.0,0,0,1,0,1720000
397,0.21,27526,4.0,-78.77619,35.63135,215484934,3.0,3026.0,0,0,1,0,695500
723,0.18,27587,5.0,-78.51681,35.957382,248753189,5.0,3208.0,0,0,1,0,635000
399,0.1699999999999999,27562,4.0,-78.94372,35.6909,248750556,4.0,3564.0,0,0,1,0,660000
920,1.43,27529,3.0,-78.56694,35.664803,53460737,2.0,2346.0,0,0,1,0,395000
725,0.69,27540,4.0,-78.86159,35.572075,305116516,4.0,3110.0,0,0,1,0,695000
890,1.65,27526,4.0,-78.776436,35.553944,70487429,4.0,3293.0,0,0,1,0,700000
650,0.55,27607,5.0,-78.67266,35.813557,6404741,5.0,4551.0,0,0,1,0,1700000
80,0.28,27529,3.0,-78.60123,35.68022,6475560,3.0,1578.0,0,0,1,0,349000
571,0.13,27587,4.0,-78.51207,35.956295,215492914,4.0,2885.0,0,0,1,0,570000
10,2.6,27587,3.0,-78.47181,35.883595,6469073,3.0,2108.0,0,1,0,0,50000
692,0.21,27540,4.0,-78.876595,35.6346,94723418,3.0,3041.0,0,0,1,0,540000
868,0.24,27540,3.0,-78.86994,35.63214,65329182,3.0,2715.0,0,0,1,0,435000
711,0.0,27606,3.0,-78.73137,35.748116,215486016,3.0,2039.0,0,0,0,1,395000
262,37.95,27587,3.0,-78.49854,36.002277,50097992,3.0,2108.0,0,1,0,0,9203161
467,0.29,27571,5.0,-78.474525,35.936413,120560818,4.0,2968.0,0,0,1,0,695000
899,0.0,27615,2.0,-78.678665,35.89242,132194617,3.0,1167.0,0,0,0,1,300000
699,0.0,27617,3.0,-78.79734,35.898945,132151769,3.0,1972.0,1,0,0,0,385000
982,0.57,27571,5.0,-78.45934,35.9099,248756599,4.0,3658.0,0,0,1,0,645000
864,0.16,27513,2.0,-78.82739,35.7663,6508752,2.0,1226.0,0,0,1,0,385000
476,0.60998622589532,27603,3.0,-78.646484,35.74629,133703478,1.5,1158.0,0,0,1,0,1730000
946,1.04,27591,3.0,-78.41625,35.775005,6471575,3.0,2108.0,0,1,0,0,525000
518,1.11,27613,4.0,-78.70804,35.92042,6476608,3.0,3236.0,0,0,1,0,835711
300,0.34,27519,4.0,-78.85445,35.795376,6559847,3.0,3009.0,0,0,1,0,811000
527,1.16,27526,3.0,-78.7889,35.629604,6499178,3.0,2106.0,0,0,1,0,425000
921,0.69,27606,4.0,-78.72148,35.745724,53461466,3.0,2656.0,0,0,1,0,755000
131,0.9,27592,4.0,-78.6591,35.581657,50115861,4.0,4174.0,0,0,1,0,614000
478,5.16,27529,3.0,-78.592705,35.659073,215487353,3.0,2108.0,0,1,0,0,600000
111,0.42,27571,5.0,-78.45542,35.92825,80198178,4.0,3615.0,0,0,1,0,655000
86,0.1699954086317722,27616,3.0,-78.566315,35.852386,6509663,2.0,1764.0,0,0,1,0,290000
717,0.0,27617,2.0,-78.79531,35.899715,336868062,2.0,1734.0,1,0,0,0,490000
33,0.7,27526,4.0,-78.79772,35.623127,68320142,3.0,2719.0,0,0,1,0,721517
206,0.41,27529,2.0,-78.622856,35.71999,6387470,1.0,1200.0,0,0,1,0,170000
554,0.2,27529,4.0,-78.5923,35.670536,69566579,3.0,3514.0,0,0,1,0,435000
242,0.19,27545,5.0,-78.50553,35.757027,133703605,3.0,2837.0,0,0,1,0,450000
336,0.02,27613,3.0,-78.71314,35.87782,60395969,3.0,1387.0,0,0,0,1,345000
705,0.04,27587,3.0,-78.48974,35.9787,133705556,3.0,1634.0,0,0,0,1,391288
125,0.13,27604,3.0,-78.54264,35.807205,50103151,3.0,1641.0,0,0,1,0,380000
142,0.39,27616,4.0,-78.56616,35.839344,60536955,3.0,1728.0,0,0,1,0,350500
400,0.30998622589532,27523,3.0,-78.9298,35.76918,248751257,3.0,2108.0,0,1,0,0,1091000
235,0.1699999999999999,27617,3.0,-78.73074,35.90688,6557646,3.0,1740.0,0,0,1,0,501000
664,0.06,27615,2.0,-78.64771,35.872932,6489983,2.0,1153.0,0,0,0,1,305000
284,0.05,27511,2.0,-78.78442,35.758038,6466218,2.0,1119.0,0,0,0,1,330000
870,0.13,27540,3.0,-78.83129,35.66558,65341839,3.0,1764.0,0,0,1,0,410000
592,0.49,27609,4.0,-78.62581,35.82118,6376000,3.0,2460.0,0,0,1,0,881000
674,0.88,27526,3.0,-78.8305,35.604584,65338867,3.0,2217.0,0,0,1,0,599900
55,0.25,27540,3.0,-78.88155,35.65032,248756222,3.0,2108.0,0,1,0,0,607000
271,0.25,27610,6.0,-78.62491,35.743874,50122273,3.0,3191.0,0,0,1,0,500000
611,0.13,27616,4.0,-78.51711,35.86713,114314886,3.0,2440.0,0,0,1,0,440000
680,0.35,27587,3.0,-78.465294,35.951565,6538907,3.0,1526.0,0,0,1,0,390000
321,0.09,27511,3.0,-78.75395,35.767643,248754678,3.0,2838.0,0,0,0,1,680000
841,0.0699999999999999,27502,4.0,-78.92345,35.727276,305122766,4.0,2506.0,0,0,0,1,550000
404,0.06,27603,3.0,-78.69352,35.663166,305127808,3.0,1889.0,0,0,0,1,379500
448,0.35,27540,3.0,-78.870224,35.634377,65329480,3.0,1677.0,0,0,1,0,430000
800,0.05,27614,3.0,-78.57762,35.922657,69565702,3.0,2108.0,0,0,0,1,395000
441,0.15,27613,3.0,-78.68292,35.907253,6495465,3.0,2100.0,0,0,1,0,600000
255,0.36,27526,5.0,-78.77866,35.629856,248751046,3.0,2919.0,0,0,1,0,650000
475,2.8199954086318,27616,3.0,-78.58661,35.8692,133218022,0.0,1056.0,0,1,0,0,1350000
70,0.5,27519,4.0,-78.88032,35.796604,50121801,4.0,3674.0,0,0,1,0,1040000
85,0.06,27587,3.0,-78.52498,35.990883,6505497,3.0,1340.0,0,0,0,1,300750
503,0.129981634527089,27526,3.0,-78.8086,35.58932,331658209,2.5,1979.0,0,0,1,0,2000
4,0.29,27607,3.0,-78.68756,35.825516,6439560,2.0,1635.0,0,0,1,0,560000
358,0.7,27613,3.0,-78.68426,35.891624,6450753,2.0,3113.0,0,0,1,0,532000
368,0.28,27518,3.0,-78.793365,35.708748,6544391,3.0,2350.0,0,0,1,0,550000
652,0.45,27615,4.0,-78.61613,35.874184,6417512,5.0,5975.0,0,0,1,0,2737500
209,0.21,27610,2.0,-78.61032,35.790524,6412926,1.0,937.0,0,0,1,0,300000
738,0.12,27601,3.0,-78.63027,35.78334,6401045,3.0,2456.0,0,0,1,0,1160000
519,0.06,27615,2.0,-78.63754,35.892475,6485894,3.0,1647.0,0,0,0,1,351500
761,0.74,27615,4.0,-78.60064,35.865604,6416622,2.0,3449.0,0,0,1,0,380000
357,0.49,27591,3.0,-78.43815,35.82943,6447749,2.0,1295.0,0,0,1,0,335000
278,0.08,27613,3.0,-78.7083,35.88279,60534729,3.0,2689.0,0,0,0,1,612000
602,0.49,27540,3.0,-78.822014,35.64515,71842673,3.0,1961.0,0,0,1,0,437000
166,0.2089990817263544,27526,3.0,-78.80536,35.57163,81436653,2.5,1826.0,0,0,1,0,382500
453,0.16,27519,4.0,-78.85182,35.772327,6541584,3.0,2826.0,0,0,1,0,639000
328,0.05,27560,3.0,-78.83095,35.831924,336867584,2.5,1835.0,0,0,0,1,449500
874,0.27,27540,5.0,-78.82751,35.646095,6548627,3.0,2108.0,0,0,1,0,445000
254,0.073,27539,3.0,-78.80745,35.6704,248750765,3.0,1950.0,0,0,0,1,448500
525,2.37,27612,4.0,-78.72647,35.856934,6455224,5.0,2739.0,0,0,1,0,920000
549,0.31,27587,4.0,-78.49409,35.957222,67553637,4.0,3480.0,0,0,1,0,830000
375,0.03,27616,2.0,-78.59121,35.867085,88943688,3.0,1292.0,0,0,0,1,290000
520,0.25998622589532,27511,3.0,-78.78723,35.785007,6418834,3.0,2671.0,0,0,1,0,871800
310,0.1,27519,3.0,-78.91045,35.831074,119341926,3.0,2403.0,0,0,0,1,630000
756,0.31,27606,5.0,-78.71032,35.770966,65335232,3.0,2880.0,0,0,1,0,685000
387,0.15,27603,4.0,-78.69711,35.65858,133702835,3.0,2390.0,0,0,1,0,530000
281,0.3,27511,3.0,-78.769104,35.78001,6461058,2.0,1490.0,0,0,1,0,577000
18,0.35,27518,5.0,-78.75913,35.72214,6525233,5.0,3761.0,0,0,1,0,744000
17,0.03,27513,2.0,-78.80413,35.775932,6501360,3.0,1073.0,0,0,0,1,258500
511,0.15,27604,2.0,-78.6263,35.796707,6378236,1.0,827.0,0,0,1,0,385000
299,0.18,27604,4.0,-78.549965,35.812523,6537265,3.0,2312.0,0,0,1,0,425000
610,0.12,27587,3.0,-78.49348,35.96533,114204799,3.0,1967.0,0,0,0,1,430000
578,0.08,27526,3.0,-78.78711,35.580933,305116238,3.0,2101.0,0,0,0,1,410000
754,0.7,27526,3.0,-78.73934,35.630238,6531678,3.0,2014.0,0,0,1,0,525000
429,0.1,27606,3.0,-78.74139,35.77413,6446491,2.0,1300.0,0,0,0,1,257000
311,3.26,27539,5.0,-78.71521,35.688026,122066937,6.0,4801.0,0,0,1,0,1100000
487,0.0,27513,2.0,-78.78544,35.812057,132150616,1.0,966.0,1,0,0,0,249000
23,0.28,27519,4.0,-78.887,35.796173,65339329,4.0,3722.0,0,0,1,0,925000
210,1.3,27529,3.0,-78.57956,35.73617,6414181,3.0,2108.0,0,1,0,0,75000
505,0.1399999999999999,27591,2.0,-78.423935,35.757576,336867168,2.0,1835.0,0,0,1,0,537802
216,0.46,27529,3.0,-78.62334,35.716698,6463820,3.0,2108.0,0,1,0,0,177000
718,0.34,27529,4.0,-78.61647,35.653008,50120821,3.0,3115.0,0,0,1,0,500000
691,0.21,27587,4.0,-78.5035,35.956623,89501055,3.0,2881.0,0,0,1,0,610000
447,3.11,27613,3.0,-78.69504,35.986225,6530510,3.0,1682.0,0,0,1,0,540000
188,0.11,27502,3.0,-78.92262,35.703983,248749225,3.0,2244.0,0,0,1,0,575000
632,0.8,27603,4.0,-78.69663,35.643284,132346825,4.0,3540.0,0,0,1,0,830000
997,0.55,27587,3.0,-78.540474,36.004005,50119795,3.0,1940.0,0,0,1,0,482500
293,0.29,27615,4.0,-78.57608,35.898853,6513704,3.0,2146.0,0,0,1,0,450000
147,0.46,27609,4.0,-78.62263,35.856987,6419381,4.0,3052.0,0,0,1,0,925000
192,0.05,27526,3.0,-78.80712,35.569454,331656889,3.0,2108.0,0,1,0,0,352500
830,0.05,27616,3.0,-78.52685,35.849674,336867720,3.0,1629.0,0,0,0,1,391900
95,0.28,27616,3.0,-78.5178,35.884212,6532931,3.0,1608.0,0,0,1,0,370000
784,0.0699999999999999,27519,3.0,-78.91285,35.825336,89496462,3.0,2050.0,0,0,0,1,484500
986,0.25,27502,4.0,-78.91004,35.730774,50103431,3.0,2073.0,0,0,1,0,560000
106,0.05,27613,3.0,-78.73442,35.888424,67558847,3.0,1754.0,0,0,0,1,425300
771,0.29,27540,2.0,-78.872086,35.632465,65335678,3.0,1626.0,0,0,1,0,400000
28,0.35998622589532,27540,3.0,-78.81802,35.649967,6559253,3.0,1981.0,0,0,1,0,500000
398,0.72998163452709,27529,3.0,-78.642296,35.69186,248741516,3.0,2108.0,0,1,0,0,250000
653,0.35,27511,4.0,-78.80602,35.765884,6436391,2.0,2008.0,0,0,1,0,410000
7,0.25,27606,4.0,-78.693085,35.772472,6463492,4.0,1815.0,0,0,1,0,481000
84,0.13,27616,3.0,-78.55844,35.886684,6504060,2.0,1160.0,0,0,1,0,250000
785,0.0699999999999999,27539,4.0,-78.82576,35.687008,89498351,4.0,2153.0,0,0,0,1,401000
823,0.06,27529,3.0,-78.61199,35.689693,215486421,3.0,2101.0,0,0,0,1,375000
923,0.6,27604,5.0,-78.549355,35.813736,60398020,3.0,2449.0,0,0,1,0,475000
212,147.26,27587,3.0,-78.49403,36.00179,6431615,3.0,2108.0,0,1,0,0,32740000
116,0.27998163452709,27545,4.0,-78.462326,35.745316,98376957,3.0,3082.0,0,0,1,0,504500
586,0.18,27615,3.0,-78.6085,35.868313,50099898,3.0,2065.0,0,0,1,0,455000
587,0.36,27529,3.0,-78.6179,35.651985,50120835,3.0,2848.0,0,0,1,0,465000
770,0.24,27545,3.0,-78.45313,35.768948,65333853,2.0,1406.0,0,0,1,0,360000
269,0.34,27587,3.0,-78.46717,35.95531,50116299,2.0,1354.0,0,0,1,0,385000
559,0.13,27540,4.0,-78.81704,35.613434,80205750,3.0,2601.0,0,0,1,0,425000
528,1.08,27591,3.0,-78.40834,35.75031,6500023,2.0,2675.0,0,0,1,0,535000
40,0.19,27526,4.0,-78.812775,35.628143,122282988,3.0,2276.0,0,0,1,0,425000
544,0.47,27518,3.0,-78.78176,35.714638,6549573,2.0,1915.0,0,0,1,0,558000
991,0.57,27587,5.0,-78.54073,36.008755,50114073,3.0,3348.0,0,0,1,0,775000
877,0.15,27502,3.0,-78.86233,35.724262,6565616,2.0,1150.0,0,0,1,0,380000
862,0.79,27603,3.0,-78.61957,35.616493,6504692,2.0,1366.0,0,0,1,0,350000
155,1.6699954086318,27603,3.0,-78.697525,35.68828,6455866,3.0,2910.0,0,0,1,0,1200000
158,0.0699999999999999,27608,2.0,-78.65777,35.81068,6470279,2.0,1426.0,0,0,0,1,550000
134,0.92,27614,4.0,-78.68302,35.977757,50122261,3.0,2807.0,0,0,1,0,635000
417,0.3,27607,3.0,-78.68236,35.808178,6378091,2.0,1403.0,0,0,1,0,678500
433,0.1399908172635445,27529,6.0,-78.62232,35.68514,6462515,4.0,2400.0,0,0,0,0,345000
755,0.22,27616,4.0,-78.570564,35.85568,65332468,3.0,1800.0,0,0,1,0,385000
776,0.04,27519,2.0,-78.91229,35.82379,68320764,3.0,1756.0,0,0,0,1,415500
0,0.51,27610,3.0,-78.542496,35.75892,6402949,2.0,1515.0,0,0,1,0,251000
228,0.21,27513,3.0,-78.83431,35.785473,6521446,3.0,2058.0,0,0,1,0,630000
29,0.0600091827364554,27604,3.0,-78.54351,35.810715,6560200,3.0,1358.0,0,0,1,0,260000
856,0.1699999999999999,27613,3.0,-78.7078,35.87587,6472820,2.0,1466.0,0,0,1,0,400000
20,0.15,27616,3.0,-78.56817,35.83437,6531572,2.0,1321.0,0,0,1,0,310000
546,0.19,27587,2.0,-78.504,35.97777,6555602,2.0,892.0,0,0,1,0,287700
200,0.15,27616,3.0,-78.546776,35.887524,60538281,3.0,2294.0,0,0,1,0,441000
582,1.7,27615,4.0,-78.67739,35.921043,336860821,7.0,4897.0,0,0,1,0,1862658
227,2.074,27526,3.0,-78.76922,35.572098,6518331,3.0,3008.0,0,0,1,0,725000
221,0.03,27604,2.0,-78.58176,35.840878,6490029,3.0,1263.0,0,0,0,1,265000
625,0.0,27603,1.0,-78.64522,35.785202,132221325,1.0,734.0,1,0,0,0,300000
884,0.91999540863177,27591,1.0,-78.41725,35.7732,6544519,1.0,786.0,0,0,1,0,80000
958,0.43,27612,4.0,-78.73824,35.87301,6527423,3.0,3029.0,0,0,1,0,740000
647,0.7,27529,3.0,-78.623566,35.725372,6394553,2.0,1206.0,0,0,1,0,335000
53,0.12,27605,3.0,-78.64923,35.789135,215486375,5.0,1843.0,0,0,1,0,861100
312,0.28,27539,5.0,-78.72704,35.645264,122072493,4.0,3204.0,0,0,1,0,725000
893,0.633,27587,4.0,-78.54628,36.005875,94724850,5.0,4272.0,0,0,1,0,750000
356,0.87998163452709,27597,3.0,-78.29507,35.810383,6447043,3.0,2108.0,0,0,0,0,75000
983,0.05,27502,3.0,-78.84576,35.740353,305116958,2.5,2447.0,0,0,0,1,2295
512,0.39,27607,4.0,-78.678764,35.82185,6413084,3.0,3842.0,0,0,1,0,650000
474,14.359986225895,27540,3.0,-78.8548,35.64895,132343081,3.0,2108.0,0,1,0,0,9238000
924,0.25,27616,5.0,-78.54201,35.891266,60398193,4.0,3180.0,0,0,1,0,525000
845,0.2299999999999999,27616,4.0,-78.559616,35.838676,50105749,3.0,3018.0,0,0,1,0,475300
263,1.8,27529,3.0,-78.622696,35.716595,50098158,3.0,2108.0,0,1,0,0,268500
305,0.12,27502,3.0,-78.8706,35.725674,81434952,3.0,2297.0,0,0,1,0,603000
952,0.19,27513,4.0,-78.83053,35.772648,6508564,3.0,2061.0,0,0,1,0,530000
590,0.22,27604,4.0,-78.55571,35.814686,60397993,3.0,2524.0,0,0,1,0,480000
551,0.05,27612,3.0,-78.70125,35.826195,67554945,4.0,2562.0,0,0,0,1,478000
100,0.02,27613,3.0,-78.735435,35.885033,65339727,3.0,1412.0,0,0,0,1,320000
197,0.029981634527089,27545,3.0,-78.50116,35.794865,336866526,3.0,2311.0,0,0,1,0,392000
595,0.51,27606,3.0,-78.721924,35.779205,6383582,2.0,1178.0,0,0,1,0,355001
984,0.025,27502,4.0,-78.88331,35.743206,305125083,4.0,2421.0,0,0,0,1,510000
105,0.72,27526,3.0,-78.75087,35.56442,67558681,3.0,2409.0,0,0,1,0,470000
780,0.16,27529,3.0,-78.62136,35.720413,80208056,2.0,1375.0,0,0,1,0,337000
880,0.24,27519,4.0,-78.86653,35.781128,6536825,3.0,2287.0,0,0,1,0,725000
315,0.21,27587,4.0,-78.49111,35.980286,122280586,4.0,2655.0,0,0,1,0,592000
822,0.61,27592,4.0,-78.72818,35.587994,215484985,3.0,2610.0,0,0,1,0,640000
211,0.3,27609,3.0,-78.65138,35.845963,6424861,2.0,2312.0,0,0,1,0,845000
622,0.0,27603,3.0,-78.68429,35.750446,132183632,2.0,1192.0,1,0,0,0,248800
480,0.27,27529,3.0,-78.61207,35.708176,89496199,2.0,1479.0,0,0,1,0,215000
378,1.0,27587,6.0,-78.47449,35.979214,122065955,6.0,5028.0,0,0,1,0,1000000
30,0.02,27502,3.0,-78.87553,35.742355,68317982,3.0,1452.0,0,0,0,1,325000
961,0.05,27560,3.0,-78.85001,35.848618,120874386,3.0,1733.0,0,0,0,1,415000
887,0.35,27518,4.0,-78.805466,35.711674,6560007,3.0,2923.0,0,0,1,0,775000
65,0.16,27539,4.0,-78.82793,35.68371,50109619,3.0,1840.0,0,0,1,0,425000
153,0.29,27511,3.0,-78.76786,35.786552,6442221,2.0,1463.0,0,0,1,0,504500
548,0.2299999999999999,27540,4.0,-78.82176,35.644897,67553096,3.0,1811.0,0,0,1,0,452000
431,1.1,27539,3.0,-78.737206,35.656326,6459128,2.0,1406.0,0,0,1,0,309500
957,1.86,27614,3.0,-78.68356,35.968655,6527230,3.0,2197.0,0,0,1,0,600000
828,0.05,27502,3.0,-78.83607,35.72814,305118204,4.0,1850.0,0,0,0,1,432500
456,2.3,27587,3.0,-78.63784,36.040905,6556555,3.0,2637.0,0,0,1,0,540000
781,0.06,27617,3.0,-78.74219,35.88891,81436000,3.0,1776.0,0,0,0,1,400000
698,0.38,27526,5.0,-78.779976,35.567932,125166122,3.0,3210.0,0,0,1,0,555000
988,0.1,27604,3.0,-78.57107,35.802372,50106727,2.0,1081.0,0,0,1,0,328500
833,0.1699999999999999,27540,4.0,-78.86832,35.632492,50120783,3.0,3274.0,0,0,1,0,505000
944,0.34,27529,3.0,-78.63733,35.706184,6460243,2.0,1282.0,0,0,1,0,350000
360,0.04,27545,2.0,-78.49709,35.795128,6511433,1.0,934.0,0,0,0,1,231000
722,0.15,27616,4.0,-78.512054,35.90357,248748569,3.0,2464.0,0,0,1,0,470000
187,0.0699999999999999,27539,3.0,-78.80717,35.670372,215484821,3.0,1902.0,0,0,0,1,435000
733,0.13,27540,3.0,-78.79356,35.656796,50120685,3.0,2056.0,0,0,0,1,395000
739,0.3,27511,4.0,-78.7896,35.785656,6405219,4.0,3566.0,0,0,1,0,1250000
945,4.17,27591,3.0,-78.41734,35.77389,6461583,2.0,2128.0,0,0,1,0,525000
600,0.7,27592,3.0,-78.68457,35.591465,68317447,3.0,1689.0,0,0,1,0,380000
950,0.05,27520,3.0,-78.50127,35.680096,6500305,2.0,1430.0,0,0,0,1,280000
59,0.1399999999999999,27502,3.0,-78.9438,35.739784,305127325,3.0,2276.0,0,0,0,1,531000
194,0.1399999999999999,27597,3.0,-78.32762,35.846954,336860671,3.0,2300.0,0,0,1,0,400000
575,0.24,27519,4.0,-78.876976,35.798584,248750674,3.0,3032.0,0,0,1,0,865000
383,1.3799816345271,27592,3.0,-78.68121,35.599037,132346802,2.5,2690.0,0,0,1,0,509000
922,0.27,27526,3.0,-78.76697,35.583412,60393452,3.0,1554.0,0,0,1,0,357000
863,0.22,27545,3.0,-78.50957,35.78879,6505821,3.0,1552.0,0,0,1,0,381000
58,0.19,27519,4.0,-78.84411,35.765438,305124135,5.0,4041.0,0,0,1,0,980000
661,0.22,27513,3.0,-78.77287,35.798462,6481893,3.0,1467.0,0,0,1,0,350000
778,0.04,27606,3.0,-78.71231,35.78791,70488014,3.0,1500.0,0,0,0,1,317500
418,0.35,27511,3.0,-78.77386,35.784668,6384322,2.0,1452.0,0,0,1,0,410000
471,0.0,27540,2.0,-78.8098,35.658375,131707981,2.0,922.0,1,0,0,0,265000
998,0.1699999999999999,27617,4.0,-78.732414,35.905746,50120492,3.0,1953.0,0,0,1,0,549900
15,0.86,27592,3.0,-78.674225,35.58899,6496386,2.0,1409.0,0,0,1,0,350000
426,4.9199954086318,27603,3.0,-78.671936,35.702915,6433831,1.0,1098.0,0,0,1,0,350000
583,0.68,27603,3.0,-78.67515,35.60635,336866222,3.0,2579.0,0,0,1,0,725000
704,0.19,27540,5.0,-78.83127,35.654118,133699034,3.0,2657.0,0,0,1,0,520300
714,0.029981634527089,27511,3.0,-78.779205,35.78522,331656744,3.5,2956.0,0,0,1,0,5995
836,0.1699999999999999,27604,3.0,-78.572716,35.813545,60397136,2.0,1491.0,0,0,1,0,363000
436,0.1399999999999999,27616,2.0,-78.56509,35.878967,6493505,2.0,1048.0,0,0,1,0,233500
327,0.053,27529,3.0,-78.617096,35.683666,336867279,3.0,1529.0,0,0,0,1,324141
728,0.02,27607,4.0,-78.73778,35.80439,305125825,4.0,2157.0,0,0,0,1,575000
900,0.03,27612,3.0,-78.72409,35.869568,133201060,4.0,1928.0,0,0,0,1,387500
439,1.87,27615,3.0,-78.61357,35.91101,6508272,3.0,2108.0,0,1,0,0,160000
139,0.02,27502,3.0,-78.87337,35.74304,60394059,3.0,1460.0,0,0,0,1,332500
719,0.46,27603,3.0,-78.6621,35.634064,53457969,2.0,1369.0,0,0,1,0,334200
337,0.62,27587,4.0,-78.54358,35.988495,60539590,4.0,3740.0,0,0,1,0,840000
977,0.21,27587,4.0,-78.51495,35.95514,215492830,4.0,2975.0,0,0,1,0,570000
713,0.12,27591,3.0,-78.427765,35.76075,248754407,3.0,2375.0,0,0,1,0,500000
777,0.35,27587,4.0,-78.47938,35.960285,69566800,3.0,2205.0,0,0,1,0,470000
557,0.15,27610,5.0,-78.564606,35.75542,71843914,3.0,2034.0,0,0,1,0,370000
108,0.9,27603,3.0,-78.67908,35.617996,69564748,3.0,3196.0,0,0,1,0,675000
927,1.92,27529,3.0,-78.55284,35.671375,60535829,2.0,1210.0,0,0,0,0,240000
120,0.6,27592,3.0,-78.70403,35.55616,336868134,3.0,2108.0,0,1,0,0,493500
287,0.25,27526,3.0,-78.7865,35.605644,6484648,2.0,1567.0,0,0,1,0,351000
333,0.16,27612,3.0,-78.7207,35.856327,50115450,3.0,1785.0,0,0,1,0,486000
444,0.03,27603,2.0,-78.681725,35.749966,6518398,2.0,1256.0,0,0,0,1,285000
767,0.04,27511,2.0,-78.79759,35.77725,6490908,3.0,1224.0,0,0,0,1,300000
178,0.0399908172635445,27571,3.0,-78.46822,35.919926,133704289,2.0,1661.0,0,0,1,0,300000
788,0.1399999999999999,27616,4.0,-78.5239,35.8641,125168884,3.0,2340.0,0,0,1,0,450000
137,0.61,27526,4.0,-78.77072,35.6089,53462377,4.0,2817.0,0,0,1,0,470000
558,0.25,27587,7.0,-78.511185,35.91391,71845172,6.0,5653.0,0,0,1,0,742000
442,0.03,27615,3.0,-78.64423,35.88415,6497880,2.0,1342.0,0,0,0,1,280000
460,0.15,27526,4.0,-78.79775,35.570625,82670433,3.0,2571.0,0,0,1,0,465000
458,0.15,27603,3.0,-78.66327,35.66946,71206653,3.0,2580.0,0,0,1,0,525000
219,0.03,27615,2.0,-78.64353,35.887417,6471507,2.0,1277.0,0,0,0,1,265000
688,0.18,27545,4.0,-78.50233,35.781654,81436565,3.0,2627.0,0,0,1,0,405000
620,0.05,27606,4.0,-78.73339,35.74627,125167277,3.0,2337.0,0,0,0,1,395000
78,0.62,27608,4.0,-78.62957,35.80903,6391940,3.0,2656.0,0,0,1,0,905000
827,0.44,27545,4.0,-78.536026,35.776043,305115981,4.0,3945.0,0,0,1,0,665000
644,0.65,27612,4.0,-78.66999,35.875107,6382246,3.0,3411.0,0,0,1,0,739000
54,0.45,27526,4.0,-78.82003,35.588165,215487715,3.0,1877.0,0,0,1,0,502000
618,0.2,27540,4.0,-78.776024,35.655872,122276797,3.0,2861.0,0,0,1,0,805109
98,0.37,27587,4.0,-78.517265,35.97368,65334388,3.0,2456.0,0,0,1,0,555555
342,0.33999081726354,27609,3.0,-78.65485,35.849773,6397003,2.0,2000.0,0,0,1,0,600000
374,0.0599862258953168,27609,3.0,-78.641335,35.831203,82676999,4.0,2317.0,0,0,0,1,750000
799,0.18,27616,4.0,-78.512024,35.83769,215484338,3.0,2674.0,0,0,1,0,505000
509,0.1,27616,3.0,-78.54296,35.893787,60398433,3.0,1410.0,0,0,0,1,300300
925,0.21,27616,3.0,-78.51211,35.881443,60398605,2.0,1376.0,0,0,1,0,415000
351,0.38999081726354,27612,3.0,-78.66524,35.842014,6422604,2.5,2041.0,0,0,1,0,465000
645,0.94,27604,4.0,-78.55879,35.828213,6391515,3.0,3835.0,0,0,1,0,594450
60,0.1599862258953168,27610,3.0,-78.54324,35.702404,336867283,3.0,2108.0,0,1,0,0,436500
369,0.29,27502,3.0,-78.88958,35.724285,6555291,2.0,1608.0,0,0,1,0,455000
121,0.13,27591,2.0,-78.42296,35.75889,336869151,2.0,1888.0,0,0,1,0,473801
740,0.33,27608,3.0,-78.63664,35.812317,6429732,3.0,2201.0,0,0,1,0,736842
317,0.15,27610,3.0,-78.545,35.737556,122282617,2.5,2040.0,0,0,1,0,407000
304,0.03,27617,3.0,-78.80847,35.90572,79888929,4.0,1718.0,0,0,0,1,370000
362,0.41999540863177,27610,3.0,-78.54315,35.746162,6516232,2.0,1164.0,0,0,1,0,210000
825,6.98,27587,3.0,-78.48509,35.87528,248751525,4.0,2105.0,0,0,1,0,835000
936,0.6,27511,4.0,-78.78604,35.7463,6401682,4.0,4263.0,0,0,1,0,1475000
410,0.33,27519,4.0,-78.8573,35.80632,50102738,4.0,2744.0,0,0,1,0,960000
889,0.03,27587,2.0,-78.51371,35.966305,67558500,3.0,1380.0,0,0,0,1,300000
609,0.1399999999999999,27616,2.0,-78.51096,35.897945,111573611,2.0,1845.0,0,0,1,0,380000
742,0.3,27513,4.0,-78.7827,35.798103,6442438,3.0,2067.0,0,0,1,0,435000
612,0.1699954086317722,27526,3.0,-78.77093,35.58796,116230574,2.5,2117.0,0,0,1,0,2295
758,0.18,27571,3.0,-78.466866,35.911892,65341020,3.0,2134.0,0,0,1,0,411000
233,0.25,27603,3.0,-78.67021,35.74183,6555047,3.0,1863.0,0,0,1,0,448000
318,0.03,27519,3.0,-78.89515,35.82733,122282632,4.0,1800.0,0,0,0,1,431000
809,0.2299999999999999,27540,3.0,-78.77705,35.657368,89498191,3.0,2499.0,0,0,1,0,595000
580,0.95,27615,4.0,-78.677216,35.943882,305126398,5.0,4315.0,0,0,1,0,1317914
693,0.1199954086317722,27610,3.0,-78.61614,35.73328,102755376,2.5,1679.0,0,0,1,0,2199
596,0.31,27608,4.0,-78.65047,35.799664,6401881,5.0,4669.0,0,0,1,0,1685000
931,0.82,27612,4.0,-78.66489,35.87211,6391724,4.0,2877.0,0,0,1,0,685000
556,0.28,27529,4.0,-78.59463,35.67366,71207530,4.0,3011.0,0,0,1,0,585000
450,0.15,27613,4.0,-78.73003,35.88176,65336576,3.0,2538.0,0,0,1,0,600000
579,0.33,27519,5.0,-78.89549,35.834824,305126320,4.0,4116.0,0,0,1,0,1060000
174,0.22,27545,4.0,-78.46686,35.797592,125090228,3.0,2968.0,0,0,1,0,580000
345,0.36,27609,3.0,-78.64793,35.866337,6408528,2.0,1524.0,0,0,1,0,380000
484,0.09,27519,4.0,-78.90761,35.83186,119341445,4.0,2830.0,0,0,1,0,735000
766,0.03,27615,2.0,-78.64271,35.8828,6486842,2.0,1220.0,0,0,0,1,280000
396,0.31,27608,3.0,-78.663574,35.80396,2085903096,3.0,1910.0,0,0,0,0,825000
522,0.2299999999999999,27607,2.0,-78.674034,35.797855,6430383,2.0,1461.0,0,0,1,0,520000
232,0.81,27513,5.0,-78.84077,35.78804,6543491,5.0,4383.0,0,0,1,0,1315000
774,0.28,27519,4.0,-78.86636,35.767292,6557538,3.0,2222.0,0,0,1,0,626750
274,0.32998163452709,27616,3.0,-78.567665,35.84082,60397245,3.0,1902.0,0,0,1,0,414000
91,0.28,27518,4.0,-78.77807,35.714195,6524508,3.0,3407.0,0,0,1,0,800000
99,0.05,27502,3.0,-78.8753,35.727566,65339237,3.0,1476.0,0,0,0,1,365000
161,0.2299999999999999,27539,4.0,-78.81078,35.67658,68319575,3.0,2283.0,0,0,1,0,435000
38,8.25,27540,3.0,-78.85417,35.56534,71855757,3.0,2108.0,0,0,1,0,174000
90,0.97,27540,3.0,-78.8065,35.642895,6519731,4.0,3658.0,0,0,1,0,750000
627,0.32,27616,4.0,-78.497345,35.850533,132301128,3.0,3223.0,0,0,1,0,523500
749,0.73,27526,3.0,-78.75257,35.63166,6494275,3.0,1834.0,0,0,1,0,405000
876,0.22,27545,3.0,-78.4541,35.76577,6563521,2.0,1230.0,0,0,1,0,331000
423,0.46,27606,4.0,-78.70431,35.768223,6410584,3.0,2900.0,0,0,1,0,545000
330,0.229981634527089,27526,3.0,-78.79663,35.55967,336869550,3.0,2108.0,0,1,0,0,218500
257,0.11,27523,3.0,-78.92706,35.73302,331653999,3.0,1902.0,0,0,1,0,575000
42,0.15,27610,4.0,-78.59418,35.74222,125250200,2.5,2035.0,0,0,1,0,2325
438,0.1,27612,2.0,-78.68811,35.826893,6503461,3.0,1720.0,0,0,0,1,465000
408,0.1399908172635445,27560,3.0,-78.83238,35.821236,336867425,3.0,2108.0,0,1,0,0,987000
806,0.04,27519,2.0,-78.850266,35.834618,82670046,3.0,1380.0,0,0,0,1,340000
824,0.08,27523,4.0,-78.9186,35.737762,244488911,4.0,2370.0,0,0,1,0,590000
83,0.1199954086317722,27610,3.0,-78.58727,35.76983,6503026,2.5,1480.0,0,0,1,0,180000
112,0.16,27614,4.0,-78.556145,35.966125,81436757,3.0,2538.0,0,0,1,0,475000
289,0.58999081726354,27518,3.0,-78.75635,35.733486,6486709,3.0,4217.0,0,0,1,0,675000
259,0.2,27610,3.0,-78.543434,35.702396,336868604,3.0,2108.0,0,1,0,0,451000
543,0.22,27612,4.0,-78.67501,35.867184,6549295,3.0,2737.0,0,0,1,0,700000
364,0.25998622589532,27604,3.0,-78.549965,35.818268,65333172,3.5,2961.0,0,0,1,0,115500
149,0.2,27607,3.0,-78.66886,35.798695,6427840,2.0,1072.0,0,0,1,0,525000
366,0.029981634527089,27613,2.0,-78.73848,35.895725,65344141,3.0,1277.0,0,0,0,1,300000
721,0.29,27539,4.0,-78.8185,35.674004,248741753,3.0,2990.0,0,0,1,0,756470
222,0.71,27587,3.0,-78.52075,35.892918,6493520,3.0,1755.0,0,0,1,0,415000
585,0.69,27610,3.0,-78.607124,35.780094,50096919,3.0,2822.0,0,0,1,0,685000
88,0.19,27513,3.0,-78.78972,35.816204,6513803,3.0,1629.0,0,0,1,0,485000
352,0.29,27610,4.0,-78.605,35.79728,6425805,2.0,1564.0,0,0,1,0,480000
256,0.1399999999999999,27591,2.0,-78.42811,35.76265,248756500,2.0,1670.0,0,0,1,0,390000
709,0.0,27511,2.0,-78.79274,35.75751,2079468496,1.0,729.0,1,0,0,0,224921
683,0.01,27612,3.0,-78.739975,35.879017,6565279,3.0,2026.0,0,0,0,1,410000
303,0.31,27616,4.0,-78.52657,35.874725,79885288,3.0,2267.0,0,0,1,0,460000
829,1.01,27615,4.0,-78.67932,35.942726,305126418,5.0,5076.0,0,0,1,0,2072136
193,0.36999540863177,27562,3.0,-78.89296,35.62668,336860447,3.0,2108.0,0,1,0,0,879000
432,0.3,27529,6.0,-78.62259,35.68515,6462514,4.0,2400.0,0,0,0,0,355000
953,0.69,27603,3.0,-78.64309,35.61488,6509124,3.0,1440.0,0,0,1,0,325000
419,0.64,27529,3.0,-78.61614,35.705032,6385682,3.0,2369.0,0,0,1,0,426000
298,0.38,27519,3.0,-78.87288,35.779015,6535252,3.0,1770.0,0,0,1,0,507500
13,0.26,27613,3.0,-78.71689,35.880104,6493294,3.0,1810.0,0,0,1,0,470000
930,0.82,27612,4.0,-78.689186,35.85759,6376442,4.0,2961.0,0,0,1,0,540000
309,0.03,27519,3.0,-78.89542,35.828342,118204019,4.0,1775.0,0,0,0,1,380000
201,0.71,27571,4.0,-78.4576,35.93771,60539029,3.0,2538.0,0,0,1,0,440000
81,1.29,27539,3.0,-78.74156,35.662148,6486866,3.0,1900.0,0,0,1,0,425000
979,0.2299999999999999,27540,5.0,-78.85988,35.663055,248747622,5.0,4300.0,0,0,1,0,875000
577,0.004,27591,3.0,-78.42674,35.760624,248754689,3.0,1700.0,0,0,0,1,359500
656,0.96,27606,4.0,-78.75055,35.725548,6456958,3.0,2434.0,0,0,1,0,590600
654,0.52,27603,2.0,-78.65618,35.709034,6437388,1.0,950.0,0,0,1,0,246000
264,0.15,27513,3.0,-78.777885,35.79995,50100554,3.0,2001.0,0,0,1,0,495000
279,0.029981634527089,27603,2.0,-78.6797,35.750713,60535080,2.5,1300.0,0,0,0,1,310000
803,0.1699999999999999,27540,4.0,-78.86099,35.640095,71898894,3.0,2754.0,0,0,1,0,530000
57,0.41,27513,5.0,-78.77345,35.79444,305116813,4.0,3069.0,0,0,1,0,965500
524,0.18,27615,3.0,-78.652794,35.878677,6449733,2.0,1180.0,0,0,1,0,405000
9,0.38999081726354,27511,3.0,-78.82478,35.757927,6465064,2.0,1732.0,0,0,1,0,2150
411,0.85,27616,3.0,-78.487434,35.861717,50106345,2.0,2130.0,0,0,1,0,500000
434,0.0599862258953168,27609,3.0,-78.61015,35.866314,6473487,2.5,1424.0,0,0,1,0,165000
743,1.36,27615,4.0,-78.67654,35.90884,6451530,3.0,3153.0,0,0,1,0,860000
993,0.26,27502,4.0,-78.88731,35.732674,50114442,3.0,2376.0,0,0,1,0,623000
340,0.30998622589532,27511,3.0,-78.797066,35.770996,6384388,2.0,2200.0,0,0,1,0,490000
992,0.28,27603,4.0,-78.66991,35.668106,50114254,3.0,2350.0,0,0,1,0,575000
455,1.33,27529,3.0,-78.60925,35.631886,6554537,3.0,2277.0,0,0,1,0,480000
179,0.1399999999999999,27616,4.0,-78.511536,35.837463,133704370,3.0,2615.0,0,0,1,0,520500
77,1.1,27526,2.0,-78.80665,35.56236,6376519,2.0,1264.0,0,0,1,0,280000
132,0.04,27613,3.0,-78.73467,35.900005,50116161,3.0,1600.0,0,0,0,1,365000
24,0.34,27540,4.0,-78.81316,35.657055,65343156,3.0,2770.0,0,0,1,0,665000
16,0.03,27613,2.0,-78.71209,35.865623,6501003,3.0,1339.0,0,0,0,1,321000
594,0.25,27604,3.0,-78.600235,35.826317,6380835,2.0,1823.0,0,0,1,0,367728
229,0.2399908172635445,27526,3.0,-78.798294,35.573975,6526062,2.5,1400.0,0,0,1,0,351000
145,0.28,27609,3.0,-78.61649,35.86317,6416636,2.0,2258.0,0,0,1,0,495000
294,0.06,27604,2.0,-78.566055,35.82954,6516537,2.0,1703.0,0,0,0,1,255000
682,0.21,27529,3.0,-78.60908,35.71884,6561177,2.0,1295.0,0,0,1,0,325000
670,1.89,27587,4.0,-78.56259,35.977215,6514454,5.0,3528.0,0,0,1,0,725000
850,1.67,27612,4.0,-78.67499,35.85281,6400891,4.0,4510.0,0,0,1,0,700000
350,0.45,27610,3.0,-78.5403,35.75688,6413982,2.0,1608.0,0,0,1,0,317000
490,0.1699999999999999,27540,5.0,-78.82883,35.627373,133700166,5.0,4018.0,0,0,1,0,771000
265,0.25,27523,4.0,-78.88579,35.75779,50110011,3.0,2620.0,0,0,1,0,625000
479,0.32,27526,6.0,-78.80348,35.627563,248750513,6.0,4324.0,0,0,1,0,855000
948,0.02,27511,2.0,-78.812515,35.75668,6486447,3.0,1105.0,0,0,0,1,247400
614,0.25,27587,4.0,-78.501,35.962727,119341237,4.0,2849.0,0,0,1,0,675000
764,0.34,27529,3.0,-78.63839,35.70566,6456742,2.0,1492.0,0,0,1,0,360000
313,0.04,27603,3.0,-78.654015,35.739365,122277123,3.0,1421.0,0,0,0,1,361000
599,0.27,27607,4.0,-78.67566,35.81112,6417057,4.0,4004.0,0,0,1,0,1525000
791,0.03,27540,3.0,-78.82581,35.679596,133703022,3.0,1724.0,0,0,0,1,350000
446,0.38,27513,4.0,-78.83438,35.770237,6524199,3.0,2657.0,0,0,1,0,555000
421,0.28999081726354,27511,3.0,-78.79267,35.782448,6392249,2.0,1350.0,0,0,1,0,428000
275,0.2199954086317722,27587,5.0,-78.493095,35.98653,60399433,3.0,2704.0,0,0,1,0,417500
681,0.19,27502,3.0,-78.85128,35.734203,6543312,3.0,2028.0,0,0,1,0,515900
76,0.02,27610,3.0,-78.5613,35.750515,60537531,3.0,1189.0,0,0,0,1,220500
110,0.18,27610,3.0,-78.58612,35.738937,71205682,3.0,1627.0,0,0,1,0,361000
603,0.0399908172635445,27519,3.0,-78.903465,35.81805,79883528,2.5,1895.0,0,0,0,1,2050
113,0.19,27587,4.0,-78.47414,35.963066,82672052,3.0,2659.0,0,0,1,0,485000
875,0.214,27616,3.0,-78.56035,35.835545,6552808,3.0,1656.0,0,0,1,0,380000
468,0.22,27540,5.0,-78.856445,35.66945,122278706,4.0,3673.0,0,0,1,0,676000
379,0.1699999999999999,27502,6.0,-78.913155,35.707836,124447931,4.0,3639.0,0,0,1,0,860000
454,0.26,27615,4.0,-78.6339,35.876705,6548664,3.0,2516.0,0,0,1,0,500000
94,0.3,27513,4.0,-78.84515,35.803642,6532172,4.0,3406.0,0,0,1,0,915000
373,0.34,27519,7.0,-78.916306,35.80543,81436463,5.0,5188.0,0,0,1,0,1400000
886,0.188,27519,4.0,-78.85257,35.76898,6558076,4.0,3016.0,0,0,1,0,837000
964,0.0,27610,2.0,-78.60777,35.79939,132245869,2.0,1012.0,1,0,0,0,160000
840,1.49,27540,4.0,-78.857544,35.602104,305116482,4.0,3847.0,0,0,1,0,850000
270,0.53,27603,3.0,-78.661964,35.628242,50118292,3.0,2119.0,0,0,1,0,1315000
939,0.3,27513,3.0,-78.80017,35.78953,6437871,2.0,1506.0,0,0,1,0,395000
238,0.27998163452709,27610,3.0,-78.54294,35.74717,6563703,2.0,1498.0,0,0,1,0,120000
66,0.47,27529,3.0,-78.60725,35.620716,50119555,2.0,1659.0,0,0,1,0,360000
732,0.24,27502,4.0,-78.90827,35.73458,50118534,3.0,2325.0,0,0,1,0,550000
860,0.05,27513,2.0,-78.79276,35.794632,6486800,2.0,1209.0,0,0,0,1,330000
641,0.72,27587,3.0,-78.54815,36.02089,60399282,3.0,2859.0,0,0,1,0,665000
540,0.49,27616,2.0,-78.563515,35.858032,65344832,2.0,2354.0,0,0,1,0,445000
425,0.57063820018365,27615,3.0,-78.62052,35.881733,6432181,3.0,2957.0,0,0,1,0,699000
217,0.88,27615,5.0,-78.66447,35.903847,6468487,4.0,4100.0,0,0,1,0,975000
402,0.1899908172635445,27519,3.0,-78.880295,35.815975,305120769,3.0,2108.0,0,0,1,0,925500
135,0.69,27616,3.0,-78.49397,35.834538,53459031,3.0,2644.0,0,0,1,0,493800
686,0.05,27560,3.0,-78.82574,35.80728,69563224,4.0,2866.0,0,0,0,1,620000
878,0.29,27603,3.0,-78.66708,35.66812,68317025,3.0,2400.0,0,0,1,0,535000
306,0.32,27539,4.0,-78.73238,35.643642,82671842,3.0,2702.0,0,0,1,0,701000
136,0.04,27615,2.0,-78.570854,35.89487,53459688,3.0,1389.0,0,0,0,1,300000
276,0.28,27540,3.0,-78.804985,35.64955,60531330,3.0,2642.0,0,0,1,0,652500
852,0.34,27608,4.0,-78.64061,35.816643,6417484,4.0,3522.0,0,0,1,0,1150000
847,0.29,27610,3.0,-78.61822,35.75222,6376032,1.0,1176.0,0,0,1,0,270000
5,0.46,27529,3.0,-78.611176,35.729122,6456549,2.0,1165.0,0,0,1,0,356500
633,1.15,27597,3.0,-78.33526,35.79413,133226317,3.0,3427.0,0,0,1,0,440000
757,0.19,27519,3.0,-78.86179,35.774197,6533787,3.0,1945.0,0,0,1,0,481000
567,0.1979999999999999,27540,4.0,-78.87134,35.659725,215487651,3.0,2698.0,0,0,1,0,660000
97,0.2299999999999999,27616,4.0,-78.514275,35.877674,65333739,3.0,2714.0,0,0,1,0,530000
701,0.0,27609,2.0,-78.605896,35.85138,132251074,2.0,1021.0,1,0,0,0,290000
990,0.2,27545,3.0,-78.463455,35.812225,50110083,2.0,1307.0,0,0,1,0,354500
61,0.259,27526,5.0,-78.824036,35.571915,336868441,3.0,2396.0,0,0,1,0,462557
538,0.37,27540,4.0,-78.821686,35.66071,65341875,3.0,2857.0,0,0,1,0,750000
849,0.16,27601,3.0,-78.633606,35.767673,6394407,2.0,1187.0,0,0,1,0,404250
659,1.3,27614,5.0,-78.6522,35.931522,6474007,5.0,2172.0,0,0,1,0,681000
73,0.2,27616,3.0,-78.511055,35.88066,60398593,3.0,1416.0,0,0,1,0,380000
807,0.08,27502,3.0,-78.82703,35.7277,82675582,3.0,1326.0,0,0,0,1,375000
517,1.59,27591,4.0,-78.41844,35.77708,6457276,3.0,1865.0,0,0,1,0,450000
608,0.03,27519,3.0,-78.89701,35.82648,89500295,4.0,1860.0,0,0,0,1,395000
737,0.19,27587,3.0,-78.49837,35.988712,6375657,1.0,1345.0,0,0,1,0,299500
45,0.03,27612,2.0,-78.72511,35.867523,133201002,3.0,1395.0,0,0,0,1,390000
570,0.41,27571,4.0,-78.46973,35.92912,215492192,5.0,2862.0,0,0,1,0,830000
486,0.16,27616,3.0,-78.52182,35.867256,124269266,3.0,2222.0,0,0,1,0,440000
547,0.5,27587,3.0,-78.52886,35.939133,6556962,2.0,1644.0,0,0,1,0,388000
745,0.03,27615,2.0,-78.64029,35.878826,6473394,3.0,1344.0,0,0,0,1,320000
415,0.05,27616,3.0,-78.56417,35.863422,60536875,3.0,1659.0,0,0,0,1,305000
220,1.0,27545,3.0,-78.47624,35.818184,6484424,2.0,1250.0,0,0,1,0,239500
672,0.56,27615,5.0,-78.63151,35.898766,6525457,5.0,4511.0,0,0,1,0,1010000
469,4.7099862258953,27617,3.0,-78.74555,35.905018,122279278,3.0,2108.0,0,1,0,0,860000
199,0.05,27560,3.0,-78.830925,35.83173,336868020,3.0,2108.0,0,1,0,0,468000
985,2.0,27511,2.0,-78.771645,35.766575,50097681,4.0,3052.0,0,0,1,0,480000
2,0.19,27608,4.0,-78.63476,35.804733,6421830,4.0,3169.0,0,0,1,0,1352000
999,0.36,27614,4.0,-78.5839,35.916573,50121891,3.0,3350.0,0,0,1,0,750000
576,0.2259999999999999,27526,4.0,-78.79674,35.62894,248750984,3.0,2372.0,0,0,1,0,575000
96,0.32,27502,5.0,-78.85763,35.744976,65330818,3.0,4745.0,0,0,1,0,885000
604,0.28,27539,4.0,-78.75921,35.65545,81435502,4.0,3130.0,0,0,1,0,750000
613,0.01,27610,3.0,-78.54464,35.77586,119340802,3.0,1692.0,0,0,0,1,292000
891,0.05,27519,3.0,-78.90361,35.84451,92415907,3.0,1637.0,0,0,0,1,2350
955,0.2299999999999999,27502,3.0,-78.84985,35.722664,6520900,2.0,1142.0,0,0,1,0,362000
35,0.97,27587,4.0,-78.558395,36.00829,68971872,5.0,3928.0,0,0,1,0,950000
208,0.56,27612,4.0,-78.6999,35.860535,6408670,4.0,3010.0,0,0,1,0,660000
689,0.1399999999999999,27539,4.0,-78.827,35.691307,83893794,3.0,2545.0,0,0,1,0,562920
996,0.04,27614,3.0,-78.590454,35.908638,50116351,3.0,1686.0,0,0,1,0,360000
343,0.31,27608,3.0,-78.66096,35.804096,6398372,3.0,1910.0,0,0,0,0,825000
883,0.43,27513,4.0,-78.78164,35.82488,6539156,4.0,4100.0,0,0,1,0,1025000
325,0.2,27519,3.0,-78.881195,35.81419,331657905,3.0,2108.0,0,1,0,0,871000
401,0.16,27597,5.0,-78.33684,35.860855,305120084,3.0,2920.0,0,0,1,0,430000
435,0.26,27609,4.0,-78.617165,35.867477,6473501,2.0,1988.0,0,0,1,0,410000
82,1.1799816345271,27501,3.0,-78.75012,35.53342,6494620,2.5,1560.0,0,0,1,0,215000
763,0.35,27511,4.0,-78.75185,35.775036,6432274,3.0,2603.0,0,0,1,0,390000
241,0.09,27539,4.0,-78.81384,35.67248,133699029,3.0,2659.0,0,0,0,1,525000
665,0.15,27511,3.0,-78.80102,35.76664,6497766,3.0,1458.0,0,0,1,0,430000
31,0.69,27526,3.0,-78.83332,35.60652,68319292,3.0,2637.0,0,0,1,0,701000
975,0.96,27587,4.0,-78.57981,35.986958,215486951,5.0,4430.0,0,0,1,0,1426000
591,1.01,27539,4.0,-78.74516,35.686287,60534172,4.0,3349.0,0,0,1,0,775000
430,0.05,27609,2.0,-78.62691,35.860336,6457661,2.0,1384.0,0,0,0,1,335000
239,0.03,27513,3.0,-78.78759,35.79343,67555524,3.0,1401.0,0,0,0,1,340000
894,0.03,27606,3.0,-78.72845,35.747715,114329795,3.0,1856.0,0,0,0,1,440000
307,0.1599862258953168,27610,3.0,-78.541046,35.71901,88952847,2.5,2392.0,0,0,1,0,411000
896,0.33,27539,5.0,-78.72857,35.6416,122278399,4.0,3195.0,0,0,1,0,745000
529,1.21,27539,3.0,-78.80038,35.690655,6513227,3.0,2581.0,0,0,1,0,599000
361,0.15,27603,3.0,-78.68875,35.75158,6512934,2.0,1242.0,0,0,1,0,325000
808,0.2299999999999999,27540,4.0,-78.87052,35.628,82677262,3.0,2778.0,0,0,1,0,655000
545,0.0699999999999999,27615,3.0,-78.586044,35.897736,6550890,3.0,1846.0,0,0,0,1,350000
473,0.0,27605,2.0,-78.650215,35.796078,132219996,3.0,1081.0,0,0,0,1,440000
954,0.18,27587,3.0,-78.5058,35.981037,6520319,2.0,1500.0,0,0,0,0,80000
805,0.15,27610,4.0,-78.545975,35.7279,81748069,3.0,2363.0,0,0,1,0,406700
994,0.15,27612,3.0,-78.71797,35.85536,50115391,3.0,1669.0,0,0,1,0,450000
214,0.81,27609,3.0,-78.64728,35.816917,6447070,3.0,3001.0,0,0,1,0,1300000
566,0.0,27604,2.0,-78.612854,35.818844,215487403,3.0,1260.0,1,0,0,0,340000
301,0.19,27614,4.0,-78.57777,35.911884,6560590,3.0,1873.0,0,0,1,0,465000
735,1.08,27603,3.0,-78.69256,35.64936,53460676,3.0,1540.0,0,0,1,0,462000
64,1.6199954086318,27592,3.0,-78.69024,35.539482,336869648,3.0,2108.0,0,1,0,0,640000
160,0.34,27526,4.0,-78.74789,35.62196,67556713,3.0,2600.0,0,0,1,0,535000
712,0.25,27502,4.0,-78.921524,35.708138,248747620,4.0,3135.0,0,0,1,0,905000
631,0.2,27526,3.0,-78.77947,35.60599,132344761,3.0,2108.0,0,1,0,0,80850
752,0.3,27513,3.0,-78.83127,35.77472,6510829,3.0,2248.0,0,0,1,0,550000
314,0.1399999999999999,27616,3.0,-78.52371,35.864094,122279926,3.0,2104.0,0,0,1,0,446000
290,0.02,27511,2.0,-78.789825,35.76295,6492797,3.0,1126.0,0,0,0,1,290000
461,0.03,27587,3.0,-78.503975,35.97394,94722834,3.0,1953.0,0,0,0,1,386000
170,0.03,27616,3.0,-78.53724,35.894028,102328967,3.0,1559.0,0,0,0,1,300000
671,0.18,27613,3.0,-78.746056,35.93021,6520595,3.0,1573.0,0,0,1,0,425000
839,0.28,27604,3.0,-78.59299,35.8261,6409000,3.0,1693.0,0,0,1,0,305000
409,0.27998163452709,27587,3.0,-78.45959,35.957905,336868656,3.0,2108.0,0,1,0,0,510000
514,0.129981634527089,27526,3.0,-78.8086,35.58911,6420223,2.5,1979.0,0,0,1,0,2000
74,0.43,27540,4.0,-78.816734,35.661472,60531261,4.0,3472.0,0,0,1,0,800000
466,0.1399999999999999,27526,4.0,-78.80787,35.578606,119340803,3.0,1801.0,0,0,1,0,412000
987,0.21,27540,5.0,-78.794174,35.656128,50105966,3.0,2845.0,0,0,1,0,655000
601,0.0899908172635445,27526,2.0,-78.797195,35.576813,69567152,1.5,1149.0,0,0,1,0,1795
541,0.1699999999999999,27610,3.0,-78.55848,35.75762,65345089,3.0,2273.0,0,0,1,0,405000
715,0.178,27610,3.0,-78.548035,35.698895,336865616,3.0,2742.0,0,0,1,0,590000
502,0.03,27587,3.0,-78.54621,35.913147,305126317,3.0,1553.0,0,0,0,1,326000
574,0.25,27502,5.0,-78.92806,35.724854,248747665,5.0,4000.0,0,0,1,0,850482
344,0.45,27607,4.0,-78.68069,35.8192,6403058,3.0,2470.0,0,0,1,0,760000
172,0.2,27502,4.0,-78.91313,35.718555,122281720,3.0,2777.0,0,0,1,0,792500
516,0.38,27529,3.0,-78.61576,35.70054,6436445,2.0,1135.0,0,0,1,0,300000
552,0.03,27513,3.0,-78.78808,35.79339,67555520,3.0,1392.0,0,0,0,1,325000
724,0.2299999999999999,27526,4.0,-78.77348,35.61628,248756578,4.0,2992.0,0,0,1,0,650000
643,0.04,27604,2.0,-78.54144,35.81363,62038343,2.0,918.0,0,0,0,1,209000
93,0.16,27545,3.0,-78.46354,35.76561,6525475,2.0,1229.0,0,0,1,0,331000
258,24.35,27587,3.0,-78.49652,35.999115,333944228,3.0,2108.0,0,1,0,0,19768132
867,0.88,27526,4.0,-78.73844,35.627506,6532518,3.0,2820.0,0,0,1,0,684000
581,0.15,27502,3.0,-78.94393,35.73636,331648969,3.0,2158.0,0,0,1,0,620000
320,0.1099862258953168,27616,3.0,-78.55755,35.850883,248753211,3.0,2108.0,0,1,0,0,400000
716,0.229981634527089,27612,3.0,-78.71969,35.83138,336867486,3.0,2108.0,0,1,0,0,950124
44,0.0,27612,3.0,-78.686325,35.838703,132193912,2.0,1537.0,1,0,0,0,247000
266,0.1699954086317722,27615,3.0,-78.57287,35.892555,50110732,2.5,1926.0,0,0,1,0,417500
355,0.0199954086317722,27511,3.0,-78.7491,35.766796,6442498,1.5,1152.0,0,0,1,0,257000
489,0.0,27608,2.0,-78.62213,35.812546,132249072,3.0,1675.0,0,0,0,1,415000
669,0.2,27513,3.0,-78.82679,35.77276,6513073,3.0,2319.0,0,0,1,0,593000
938,0.32,27609,4.0,-78.62895,35.84177,6428641,3.0,2513.0,0,0,1,0,770000
858,0.36,27615,4.0,-78.60259,35.897877,6477617,3.0,3196.0,0,0,1,0,751000
122,0.28999081726354,27523,3.0,-78.93208,35.781693,336869460,3.0,2108.0,0,1,0,0,853500
588,0.1699999999999999,27526,3.0,-78.7915,35.608925,53460511,2.0,1565.0,0,0,1,0,390000
260,0.029981634527089,27545,3.0,-78.50116,35.794804,336868985,3.0,2342.0,0,0,1,0,391000
138,0.36,27540,4.0,-78.818436,35.66106,60393315,3.0,3267.0,0,0,1,0,880000
694,0.08,27519,3.0,-78.90013,35.8045,122060381,3.0,1909.0,0,0,0,1,470000
703,0.15,27610,4.0,-78.58639,35.751366,133216025,3.0,2549.0,0,0,1,0,460000
837,0.05,27614,2.0,-78.59478,35.9139,60536652,3.0,1961.0,0,0,0,1,415000
114,0.03,27603,2.0,-78.659645,35.732666,82675612,3.0,1295.0,0,0,0,1,325000
21,0.18,27603,4.0,-78.68925,35.74892,6531822,3.0,2126.0,0,0,1,0,450000
39,0.93999081726354,27540,3.0,-78.85417,35.56534,71884595,3.0,2108.0,0,1,0,0,174500
537,0.04,27612,3.0,-78.702965,35.826485,65341578,4.0,2103.0,0,0,0,1,450000
207,0.2,27603,2.0,-78.64154,35.74563,6406616,1.0,835.0,0,0,1,0,312000
673,0.33,27540,4.0,-78.78553,35.658554,65335878,4.0,3060.0,0,0,1,0,775000
115,0.16,27526,3.0,-78.76697,35.612476,89495175,3.0,1589.0,0,0,1,0,383000
329,0.31999540863177,27587,3.0,-78.459854,35.957867,336867757,3.0,2108.0,0,1,0,0,523000
572,0.04,27587,3.0,-78.48818,35.97954,215493452,3.0,1656.0,0,0,0,1,350000
19,0.1399999999999999,27615,3.0,-78.594826,35.882042,6529329,3.0,2030.0,0,0,1,0,430000
382,0.2,27526,3.0,-78.76364,35.587463,132345313,2.5,2347.0,0,0,1,0,500000
159,0.7,27603,3.0,-78.63684,35.58144,6475012,3.0,1904.0,0,0,0,0,28000
117,0.73,27529,3.0,-78.58959,35.611523,111377267,2.0,2194.0,0,0,1,0,435500
869,0.18,27540,3.0,-78.87092,35.634117,65329471,3.0,1672.0,0,0,1,0,406801
568,0.3,27529,5.0,-78.62574,35.65156,215490907,4.0,2989.0,0,0,1,0,530000
768,0.1699999999999999,27513,3.0,-78.7932,35.81361,6496545,3.0,1825.0,0,0,1,0,415000
553,0.1399999999999999,27540,4.0,-78.84185,35.633255,67558557,3.0,2736.0,0,0,1,0,450000
372,0.2299999999999999,27529,4.0,-78.59432,35.72668,79887939,3.0,2088.0,0,0,1,0,395000
282,0.58,27613,4.0,-78.720924,35.90619,6464694,3.0,2200.0,0,0,1,0,552000
157,0.03,27609,2.0,-78.60208,35.859764,6465804,2.0,1095.0,0,0,0,1,265250
370,1.5,27540,3.0,-78.83386,35.612953,67556413,3.0,2727.0,0,0,1,0,539900
406,0.03,27587,3.0,-78.49236,35.967358,331656492,4.0,2208.0,0,0,0,1,412070
422,0.3,27608,2.0,-78.66069,35.804085,6399802,1.0,955.0,0,0,0,0,825000
851,1.38,27526,4.0,-78.78995,35.642624,6415507,4.0,5187.0,0,0,1,0,1150000
215,0.46,27526,3.0,-78.725685,35.61829,6458148,2.0,1188.0,0,0,0,0,105000
386,0.06,27587,4.0,-78.48878,35.97855,133700348,4.0,1879.0,0,0,1,0,353475
150,3.87,27607,3.0,-78.744675,35.804764,6427874,3.0,2108.0,0,1,0,0,1600000
63,0.144,27591,2.0,-78.42377,35.757607,336868871,2.0,2037.0,0,0,1,0,537081
109,0.05,27616,3.0,-78.55099,35.89921,69566683,3.0,1510.0,0,0,0,1,315000
628,0.27,27571,5.0,-78.462395,35.929672,132314013,3.0,2501.0,0,0,1,0,500000
324,1.01,27539,3.0,-78.76703,35.685074,331657350,3.0,2108.0,0,1,0,0,295000
655,0.76,27616,3.0,-78.55648,35.858665,6439443,3.0,2079.0,0,0,1,0,475000
462,0.21,27526,4.0,-78.749626,35.572403,103764022,3.0,2402.0,0,0,1,0,480000
316,0.2299999999999999,27501,4.0,-78.75276,35.54338,122282049,3.0,2675.0,0,0,1,0,450000
660,0.31,27610,4.0,-78.60598,35.740902,6480259,3.0,2084.0,0,0,1,0,360000
848,0.76,27529,3.0,-78.55,35.678654,6384003,2.0,1144.0,0,0,1,0,305000
427,2.573,27616,3.0,-78.58615,35.86887,6436829,3.0,2108.0,0,1,0,0,1350000
626,0.0,27615,2.0,-78.64548,35.875004,132231147,2.0,1008.0,1,0,0,0,170000
292,0.89,27539,3.0,-78.80158,35.6918,6513201,4.0,4090.0,0,0,1,0,800000
677,0.54,27617,6.0,-78.801315,35.91583,67554648,7.0,6481.0,0,0,1,0,1319000
504,0.76,27592,4.0,-78.698395,35.543274,336866249,3.0,2136.0,0,0,1,0,365000
934,0.1699999999999999,27610,3.0,-78.62216,35.768356,6398007,1.0,935.0,0,0,1,0,270000
407,0.2299999999999999,27591,5.0,-78.36336,35.76778,331656760,3.0,2154.0,0,0,1,0,469000
163,0.38,27519,5.0,-78.90693,35.80818,71206490,4.0,3892.0,0,0,1,0,1350000
464,0.36,27539,5.0,-78.754654,35.660423,118203369,5.0,3595.0,0,0,1,0,825000
951,0.03,27606,2.0,-78.73364,35.78032,6504487,3.0,1250.0,0,0,0,1,270000
231,0.1199954086317722,27519,3.0,-78.84913,35.774834,6535363,2.5,1558.0,0,0,1,0,425000
308,0.127,27616,3.0,-78.52087,35.895702,113105309,3.0,2455.0,0,0,1,0,430000
748,0.29,27613,4.0,-78.71604,35.879322,6493305,3.0,2354.0,0,0,1,0,572500
769,0.18,27513,3.0,-78.777954,35.80053,6501268,3.0,1901.0,0,0,1,0,460500
744,0.02,27612,2.0,-78.664856,35.85637,6458696,2.0,1400.0,0,0,0,1,265000
32,0.03,27617,2.0,-78.76899,35.91498,68319712,3.0,1420.0,0,0,0,1,320000
530,0.92,27539,4.0,-78.79291,35.687923,6520117,3.0,2951.0,0,0,1,0,635000
87,0.56,27587,3.0,-78.551704,35.970146,6510268,3.0,2702.0,0,0,1,0,686000
346,7.3899908172635,27529,3.0,-78.645775,35.690918,6410645,1.0,640.0,0,1,0,0,259000
746,0.03,27612,2.0,-78.71031,35.852673,6491813,3.0,1271.0,0,0,0,1,321500
679,0.129981634527089,27616,4.0,-78.50725,35.89262,67558120,3.0,1998.0,0,0,1,0,2100
508,0.25,27604,3.0,-78.55934,35.81014,60397986,2.0,1997.0,0,0,1,0,437000
348,4.4799816345271,27523,3.0,-78.92958,35.747833,6411896,1.0,2223.0,0,0,1,0,420000
463,0.1399999999999999,27523,4.0,-78.829865,35.756474,103767212,3.0,2555.0,0,0,1,0,636000
569,0.04,27610,3.0,-78.55558,35.76063,215491537,3.0,1645.0,0,0,0,1,322500
835,0.04,27612,3.0,-78.71727,35.85357,53461051,3.0,1702.0,0,0,0,1,310000
976,0.4,27587,3.0,-78.48959,35.978943,215487102,3.0,1600.0,0,0,0,1,349900
760,0.84,27612,4.0,-78.69327,35.83742,6414813,3.0,2678.0,0,0,1,0,717500
932,1.44,27597,3.0,-78.31766,35.872547,6392791,3.0,1819.0,0,0,1,0,335000
412,0.04,27502,3.0,-78.861374,35.740444,50119219,3.0,1678.0,0,0,0,1,399000
457,0.49,27592,3.0,-78.7045,35.584106,68010873,3.0,2858.0,0,0,1,0,553500
783,1.05,27610,3.0,-78.501114,35.743103,88948003,2.0,1500.0,0,0,1,0,375000
648,1.06,27615,4.0,-78.64864,35.918125,6396232,5.0,3837.0,0,0,1,0,900000
675,0.54,27587,4.0,-78.522575,35.913113,6549100,3.0,2454.0,0,0,1,0,600000
727,0.59,27562,5.0,-78.952835,35.68283,305118133,5.0,3944.0,0,0,1,0,1280000
376,0.2,27587,4.0,-78.52837,35.97303,111577394,3.0,2582.0,0,0,1,0,505000
753,0.1699999999999999,27616,4.0,-78.526245,35.880825,6520425,3.0,2083.0,0,0,1,0,455000
36,0.64,27603,4.0,-78.69845,35.64019,71661631,4.0,4322.0,0,0,1,0,951000
353,0.3,27609,4.0,-78.630486,35.846466,6426422,3.0,2286.0,0,0,1,0,785000
762,0.25,27604,3.0,-78.615364,35.80195,6427115,1.0,1080.0,0,0,1,0,350000
302,0.28,27539,5.0,-78.756584,35.65397,67556750,3.0,3017.0,0,0,1,0,739555
605,0.03,27519,3.0,-78.90382,35.81828,81436576,3.0,1900.0,0,0,0,1,417000
959,0.24,27616,4.0,-78.52585,35.86859,65335570,3.0,1991.0,0,0,1,0,393000
589,0.05,27606,2.0,-78.716866,35.751827,53461900,3.0,1475.0,0,0,0,1,340000
338,0.46,27603,4.0,-78.680244,35.680485,6377857,3.0,2002.0,0,0,1,0,368000
765,0.1,27518,3.0,-78.77357,35.730446,6486789,3.0,2776.0,0,0,1,0,545000
1,0.62,27604,3.0,-78.56691,35.82752,6416297,2.0,1251.0,0,0,1,0,265000
872,1.89,27597,4.0,-78.28057,35.84732,6539184,3.0,2913.0,0,0,1,0,499009
8,0.67998163452709,27545,3.0,-78.46159,35.75946,6464755,2.0,1382.0,0,0,1,0,39500
154,0.91999540863177,27529,4.0,-78.61777,35.6698,6443955,3.0,2378.0,0,0,1,0,490000
156,0.95998622589532,27615,4.0,-78.64802,35.921265,6458486,5.0,2920.0,0,0,1,0,615000
826,0.05,27529,3.0,-78.614845,35.693115,248756641,3.0,1618.0,0,0,0,1,375000
72,0.3,27540,3.0,-78.821304,35.6325,60393302,2.0,1265.0,0,0,1,0,355000
687,0.03,27614,3.0,-78.55886,35.92245,69565980,3.0,1728.0,0,0,0,1,355000
277,0.05,27523,3.0,-78.879135,35.7523,60532490,3.0,1563.0,0,0,0,1,415000
598,0.3,27609,3.0,-78.63717,35.84992,6406882,2.0,1933.0,0,0,1,0,475000
268,0.2299999999999999,27597,3.0,-78.33596,35.831097,50112355,2.0,1133.0,0,0,1,0,257200
750,0.03,27612,2.0,-78.71758,35.836277,6504799,3.0,1224.0,0,0,0,1,305000
119,0.21,27526,5.0,-78.81901,35.595177,122279447,4.0,3377.0,0,0,1,0,650000
521,0.21,27605,4.0,-78.646065,35.791534,6428518,4.0,2329.0,0,0,1,0,700000
759,0.19,27519,3.0,-78.86214,35.772884,6534606,3.0,2257.0,0,0,1,0,620000
697,0.205,27591,3.0,-78.41908,35.768047,125165793,3.0,2544.0,0,0,1,0,535000
901,1.45,27613,4.0,-78.714035,35.89597,133704421,6.0,6326.0,0,0,1,0,1520000
775,0.21,27518,4.0,-78.7574,35.743347,6562330,3.0,3439.0,0,0,1,0,700000
14,0.15,27513,3.0,-78.77595,35.799,6495141,3.0,1867.0,0,0,1,0,480000
445,0.27,27613,4.0,-78.7481,35.931602,6521293,3.0,2151.0,0,0,1,0,525000
428,0.85,27597,0.0,-78.31777,35.865906,6445194,0.0,1288.0,0,1,0,0,65000
291,0.05,27518,2.0,-78.76632,35.72493,6504425,3.0,2358.0,0,0,0,1,625000
385,0.26,27616,5.0,-78.52358,35.86571,133221807,3.0,2211.0,0,0,1,0,490000
684,0.34,27587,5.0,-78.52834,35.936184,67557981,4.0,4214.0,0,0,1,0,625000
69,0.05,27613,3.0,-78.73523,35.90036,50120511,3.0,1824.0,0,0,0,1,377500
810,0.03,27607,2.0,-78.67254,35.800755,122279280,3.0,1467.0,0,0,0,1,459400
720,0.11,27519,4.0,-78.89744,35.819576,215485561,3.0,2335.0,0,0,0,1,570000
879,0.39,27571,4.0,-78.45841,35.93239,68319946,3.0,2477.0,0,0,1,0,437500
151,0.75,27609,3.0,-78.649925,35.829597,6435250,3.0,2108.0,0,1,0,0,1654320
623,0.0,27607,3.0,-78.69288,35.813587,132191228,2.0,990.0,1,0,0,0,270000
218,0.29,27615,6.0,-78.63924,35.889202,6468806,4.0,3693.0,0,0,1,0,835000
667,0.04,27502,3.0,-78.831764,35.73865,6505072,3.0,1615.0,0,0,0,1,365000
928,0.029,27610,2.0,-78.55522,35.762882,60537796,3.0,1218.0,0,0,0,1,230000
989,0.1699999999999999,27606,3.0,-78.73403,35.74851,50107007,2.0,1977.0,0,0,1,0,455000
812,0.15,27616,4.0,-78.51153,35.83856,133704265,3.0,2671.0,0,0,1,0,490000
861,0.2,27610,4.0,-78.5476,35.75524,6493945,3.0,2012.0,0,0,1,0,350000
71,0.04,27615,2.0,-78.59154,35.889416,53456696,2.0,1197.0,0,0,0,1,315500
573,0.06,27502,4.0,-78.88546,35.74184,246654745,4.0,2478.0,0,0,0,1,528000
960,0.16,27526,3.0,-78.7689,35.614716,103762944,3.0,1800.0,0,0,1,0,420000
130,0.1099862258953168,27604,3.0,-78.543526,35.81246,50115261,2.5,1224.0,0,0,1,0,254500
354,0.42,27511,3.0,-78.79573,35.770393,6429481,2.0,1464.0,0,0,1,0,427000
226,2.52,27592,3.0,-78.712776,35.585518,6500648,2.0,1500.0,0,0,1,0,365000
926,0.12,27603,3.0,-78.670105,35.744488,60535266,3.0,1629.0,0,0,1,0,435000
897,0.1,27612,3.0,-78.691765,35.83284,122278658,3.0,2559.0,0,0,0,1,825000
846,0.06,27612,3.0,-78.67848,35.848267,50119315,3.0,2070.0,0,0,0,1,515000
37,0.04,27610,3.0,-78.545135,35.796658,71844288,3.0,1513.0,0,0,0,1,290000
978,0.104,27587,3.0,-78.499504,35.978832,215493038,3.0,1530.0,0,0,1,0,368000
980,0.37,27616,7.0,-78.55687,35.850586,248752120,7.0,4400.0,0,0,1,0,692000
25,0.24,27519,3.0,-78.876144,35.78308,6545364,3.0,1567.0,0,0,1,0,512000
451,0.03,27540,3.0,-78.8314,35.674156,65343766,3.0,1470.0,0,0,0,1,320000
658,1.14,27615,4.0,-78.64634,35.902496,6470707,3.0,3619.0,0,0,1,0,825000
734,1.0,27526,3.0,-78.76829,35.542942,53460324,2.0,2280.0,0,0,0,0,160000
802,0.08,27560,3.0,-78.83873,35.826103,71845606,3.0,2350.0,0,0,0,1,524900
790,0.0,27609,2.0,-78.63442,35.830986,132222436,2.0,1120.0,0,0,0,1,317000
322,0.0399908172635445,27616,3.0,-78.5372,35.859837,305117663,3.5,1940.0,0,0,1,0,398000
34,0.04,27539,3.0,-78.79782,35.681225,68320957,3.0,2318.0,0,0,0,1,431000
295,0.25,27560,3.0,-78.84068,35.835575,65329268,3.0,2284.0,0,0,1,0,595000
895,0.13,27587,4.0,-78.4659,35.96121,119341863,3.0,2227.0,0,0,1,0,460000
128,0.2,27614,3.0,-78.588905,35.91295,50111644,3.0,2274.0,0,0,1,0,539900
935,0.57,27511,3.0,-78.78644,35.74613,6399388,5.0,4255.0,0,0,1,0,1295000
196,0.2099862258953168,27540,3.0,-78.884834,35.65168,336866248,3.0,2108.0,0,1,0,0,721500
676,0.25,27603,4.0,-78.66954,35.741707,6555094,3.0,2037.0,0,0,1,0,500000
534,5.28,27614,4.0,-78.60324,35.934372,6524853,9.0,12178.0,0,0,1,0,4100000
173,0.22,27519,4.0,-78.88541,35.821575,122283397,4.0,3552.0,0,0,1,0,960000
949,11.25,27596,4.0,-78.38298,35.93337,6499475,3.0,1708.0,0,0,0,0,310000
175,0.69,27539,4.0,-78.717636,35.675415,125247256,4.0,4267.0,0,0,1,0,870000
943,0.59,27613,4.0,-78.722725,35.900974,6455880,3.0,3073.0,0,0,1,0,730000
424,0.24,27609,3.0,-78.636284,35.853344,6422294,3.0,2050.0,0,0,1,0,600000
668,0.24,27539,3.0,-78.73542,35.642754,6506800,2.0,1220.0,0,0,1,0,355000
335,0.0699954086317722,27606,2.0,-78.71613,35.752003,53461884,3.0,1462.0,0,0,0,1,315000
225,0.04,27615,3.0,-78.67304,35.888012,6499813,4.0,2112.0,0,0,0,1,415000
26,0.35,27540,4.0,-78.863304,35.63307,6545941,3.0,1850.0,0,0,1,0,420000
555,0.47,27617,4.0,-78.80355,35.909958,70394619,4.0,4699.0,0,0,1,0,1200000
657,0.82,27539,3.0,-78.78687,35.667484,6457647,3.0,2108.0,0,1,0,0,77000
365,0.04,27613,2.0,-78.729576,35.877823,65339880,4.0,1896.0,0,0,0,1,360000
171,0.4,27540,4.0,-78.86987,35.638096,122065625,3.0,2691.0,0,0,1,0,585000
726,0.211,27545,5.0,-78.46085,35.798985,305116978,4.0,3427.0,0,0,1,0,591591
437,1.46,27520,3.0,-78.49488,35.68799,6494229,2.0,1759.0,0,0,1,0,375000
523,0.04,27511,3.0,-78.762314,35.76809,6445317,3.0,1582.0,0,0,0,1,340000
6,5.65,27597,3.0,-78.34696,35.824886,6461171,3.0,2340.0,0,0,1,0,575000
224,1.0,27523,3.0,-78.84268,35.75258,6498568,2.0,2324.0,0,0,1,0,625000
363,0.22,27604,4.0,-78.54836,35.806538,6521386,3.0,2179.0,0,0,1,0,405000
882,0.21,27518,5.0,-78.78302,35.73007,6537199,3.0,3386.0,0,0,1,0,725000
696,1.7,27526,4.0,-78.780396,35.64107,122282448,4.0,4058.0,0,0,1,0,1150000
619,0.08,27502,4.0,-78.84033,35.732754,122280086,3.0,2405.0,0,0,1,0,615000
702,0.39,27529,4.0,-78.580315,35.670673,133206470,3.0,2455.0,0,0,1,0,490000
629,0.19,27587,3.0,-78.50221,35.999336,132335256,2.0,1656.0,0,0,1,0,444000
443,0.48,27540,3.0,-78.81321,35.605827,6516949,3.0,1505.0,0,0,1,0,390000
67,0.5,27587,4.0,-78.540695,36.00368,50119796,4.0,3586.0,0,0,1,0,755000
597,0.1399999999999999,27601,3.0,-78.631035,35.783848,6403324,2.0,2423.0,0,0,1,0,920000
470,0.229981634527089,27523,3.0,-78.832306,35.76099,124269055,2.5,2410.0,0,0,1,0,469000
204,0.38,27529,3.0,-78.62319,35.716484,6379831,3.0,2108.0,0,1,0,0,164500
606,0.4,27519,3.0,-78.91384,35.8255,83955919,3.0,1737.0,0,0,0,1,425000
413,0.24,27614,4.0,-78.56718,35.91451,53455899,3.0,2608.0,0,0,1,0,595000
685,0.06,27612,3.0,-78.71959,35.859844,68320477,3.0,1860.0,0,0,0,1,441000
377,0.31,27539,4.0,-78.73006,35.6401,118509052,4.0,3027.0,0,0,1,0,695000
420,0.45998622589532,27609,3.0,-78.63998,35.852715,6386806,1.5,1486.0,0,0,1,0,440000
286,0.92,27603,3.0,-78.633965,35.649544,6476579,2.0,1613.0,0,0,1,0,373900
485,1.84,27587,5.0,-78.59817,35.97507,122275353,5.0,4907.0,0,0,1,0,1325000
859,1.69,27519,4.0,-78.88944,35.76939,6486225,5.0,3144.0,0,0,1,0,879000
75,0.19,27610,4.0,-78.563095,35.72948,60536740,3.0,1542.0,0,0,1,0,337000
539,0.2299999999999999,27526,3.0,-78.78209,35.606136,65343224,3.0,2411.0,0,0,1,0,455000
832,0.19,27615,4.0,-78.67524,35.892277,50100574,3.0,2967.0,0,0,1,0,675000
811,0.16,27603,4.0,-78.69925,35.66118,133702832,3.0,2893.0,0,0,1,0,591600
133,0.3,27614,4.0,-78.56358,35.945236,50118842,3.0,2716.0,0,0,1,0,675000
536,0.3,27519,6.0,-78.91185,35.814068,65339221,6.0,4249.0,0,0,1,0,1080000
853,0.6,27587,3.0,-78.68861,36.00986,6422643,1.0,1178.0,0,0,1,0,255000
127,0.18,27502,3.0,-78.90995,35.72179,50110256,2.0,1825.0,0,0,1,0,415000
607,0.71,27529,3.0,-78.53602,35.65412,88951385,3.0,2584.0,0,0,1,0,464900
326,0.1099862258953168,27529,3.0,-78.61668,35.684017,336867278,3.0,2108.0,0,1,0,0,373000
349,0.93,27615,4.0,-78.63658,35.896744,6413840,4.0,2981.0,0,0,1,0,475000
79,11.5,27545,3.0,-78.47939,35.81749,6401776,3.0,2108.0,0,1,0,0,600000
941,0.3,27511,4.0,-78.767555,35.786068,6442081,3.0,1785.0,0,0,1,0,475500
103,0.03,27545,3.0,-78.51511,35.77635,67554664,3.0,1413.0,0,0,0,1,295500
104,0.2,27502,3.0,-78.86865,35.726326,67556863,3.0,2106.0,0,0,1,0,600000
801,1.34,27597,3.0,-78.28413,35.802086,71204461,2.0,1855.0,0,0,1,0,330000
963,0.32,27608,4.0,-78.65407,35.804146,132217183,4.0,2685.0,0,0,1,0,1600000
919,0.338,27502,5.0,-78.902054,35.706757,215488885,7.0,5124.0,0,0,1,0,1362500
297,0.275,27587,3.0,-78.49174,35.944275,65340728,3.0,2894.0,0,0,1,0,702000
831,0.06,27601,3.0,-78.627464,35.777607,336868742,4.0,2034.0,0,0,0,1,801509
213,0.1699999999999999,27591,3.0,-78.37135,35.78824,6432989,1.0,960.0,0,0,1,0,230000
234,0.22,27612,3.0,-78.72889,35.870907,6557635,2.0,1471.0,0,0,1,0,473000
27,0.27,27617,3.0,-78.73339,35.902935,6558693,3.0,1675.0,0,0,1,0,445000
947,0.6,27518,5.0,-78.770996,35.72841,6481853,3.0,3366.0,0,0,1,0,735000
533,0.27,27518,5.0,-78.77798,35.716393,6523906,3.0,2703.0,0,0,1,0,600000
621,0.2,27526,3.0,-78.77915,35.606064,131712219,3.0,2108.0,0,1,0,0,80850
663,0.04,27604,2.0,-78.582886,35.842186,6487490,2.0,1065.0,1,0,0,0,262000
898,0.34,27571,4.0,-78.45695,35.9116,125168479,4.0,2908.0,0,0,1,0,551000
332,0.03,27511,3.0,-78.79143,35.76642,50114510,3.0,1481.0,0,0,0,1,325000
834,0.34,27614,4.0,-78.56768,35.91672,53455919,4.0,3075.0,0,0,1,0,750000
640,0.69,27603,4.0,-78.65046,35.64561,60396561,3.0,2491.0,0,0,1,0,440000
617,0.2299999999999999,27613,4.0,-78.71117,35.866283,122142882,4.0,3373.0,0,0,1,0,785000
449,0.21,27540,3.0,-78.87376,35.63186,65334995,3.0,1664.0,0,0,1,0,385000
341,0.11,27601,3.0,-78.634254,35.77019,6392309,3.0,1690.0,0,0,1,0,730000
331,0.12,27591,2.0,-78.42373,35.758144,336869597,2.0,1599.0,0,0,1,0,440471
981,0.15,27526,3.0,-78.74564,35.589546,248755285,2.0,1461.0,0,0,1,0,390000
339,0.7,27545,3.0,-78.52283,35.782276,6384383,2.0,2030.0,0,0,1,0,341100
236,0.96,27615,4.0,-78.68411,35.936447,6559990,3.0,3658.0,0,0,1,0,833250
146,0.21,27610,2.0,-78.60835,35.78965,6417877,1.0,1037.0,0,0,1,0,300000
283,0.26,27604,3.0,-78.578094,35.82659,6465326,2.0,1588.0,0,0,1,0,387500
280,0.3,27609,3.0,-78.62705,35.8591,6460351,3.0,1740.0,0,0,0,1,350000
140,0.081,27587,3.0,-78.525024,35.99934,60399389,3.0,2111.0,0,0,0,1,354000
700,0.0,27615,2.0,-78.65041,35.891296,132228607,2.0,1280.0,1,0,0,0,301000
937,0.24,27513,3.0,-78.7855,35.793205,6416076,4.0,4079.0,0,0,1,0,902860
102,0.1699999999999999,27545,3.0,-78.47148,35.76552,6557526,2.0,1240.0,0,0,1,0,321000
483,0.2,27545,5.0,-78.483925,35.81179,113223164,3.0,3272.0,0,0,1,0,450000
129,0.40998622589532,27519,4.0,-78.866684,35.794407,50112514,3.0,3300.0,0,0,1,0,654000
359,0.28,27511,3.0,-78.82435,35.75546,6455434,3.0,1469.0,0,0,1,0,460000
751,0.1,27513,3.0,-78.83991,35.797775,6506602,3.0,2181.0,0,0,1,0,635000
624,0.0,27605,2.0,-78.65266,35.79426,132219736,2.0,1082.0,1,0,0,0,400000
381,0.0,27614,3.0,-78.568794,35.922794,132275361,3.0,1692.0,1,0,0,0,307000
230,0.1699954086317722,27616,3.0,-78.52286,35.874565,65333723,2.5,2112.0,0,0,1,0,463500
46,1.2599862258953,27610,3.0,-78.57987,35.796795,133216932,3.0,2108.0,0,1,0,0,2260000
405,0.0539999999999999,27529,3.0,-78.59209,35.705273,331654481,3.0,1500.0,0,0,0,1,402000
465,0.7,27526,4.0,-78.756996,35.64018,118509260,4.0,3614.0,0,0,1,0,850000
101,0.27998163452709,27613,3.0,-78.73173,35.899887,6546411,2.5,2678.0,0,0,1,0,900000
843,1.86,27614,5.0,-78.611725,35.9204,50100084,6.0,5855.0,0,0,1,0,900000
741,0.51,27529,4.0,-78.59722,35.693054,6437120,3.0,2500.0,0,0,1,0,435000
550,0.22,27519,4.0,-78.86789,35.818665,67554152,4.0,3186.0,0,0,1,0,880000
535,0.13,27616,3.0,-78.50707,35.888165,65337851,3.0,1744.0,0,0,1,0,395000
253,0.24,27502,4.0,-78.904526,35.70838,248748361,5.0,3552.0,0,0,1,0,1050000
789,0.0,27612,2.0,-78.71629,35.835453,132171583,2.0,1063.0,1,0,0,0,275000
873,0.3,27540,3.0,-78.86149,35.633453,6548172,3.0,1765.0,0,0,1,0,430000
144,1.0,27587,3.0,-78.69801,36.05655,6408058,3.0,1694.0,0,0,1,0,339000
261,0.27998163452709,27587,3.0,-78.46012,35.957962,336869539,3.0,2108.0,0,1,0,0,483000
12,0.36,27513,3.0,-78.779274,35.80858,6472961,2.0,2071.0,0,0,1,0,440000
11,0.1699999999999999,27613,3.0,-78.70865,35.8781,6472796,3.0,1398.0,0,0,1,0,407500
678,0.09,27617,4.0,-78.73599,35.91646,67557232,3.0,2043.0,0,0,0,1,490000
123,1.17,27587,4.0,-78.52806,35.993706,50102541,4.0,3007.0,0,0,1,0,640000
646,1.06,27592,3.0,-78.70883,35.558064,6392733,3.0,2393.0,0,0,1,0,237500
615,0.21,27587,4.0,-78.48701,35.94148,120874437,4.0,2741.0,0,0,1,0,625000
747,0.29,27545,3.0,-78.48546,35.788887,6492316,3.0,1321.0,0,0,1,0,350000
148,0.229981634527089,27610,4.0,-78.61071,35.774117,6426816,2.5,1407.0,0,0,1,0,290000
296,0.1399999999999999,27560,3.0,-78.836555,35.82764,65335132,3.0,1662.0,0,0,1,0,485000
501,0.05,27502,3.0,-78.88433,35.74343,305125109,3.0,1536.0,0,0,0,1,407100
205,0.28,27529,3.0,-78.61351,35.709263,6384076,1.0,1007.0,0,0,1,0,265000
782,0.2,27526,3.0,-78.809135,35.573994,81761989,3.0,2303.0,0,0,1,0,415000
169,0.04,27604,3.0,-78.5884,35.82911,88948341,3.0,1482.0,0,0,0,1,300000
616,0.1399999999999999,27502,3.0,-78.85261,35.725338,122067190,3.0,1819.0,0,0,1,0,456250
164,0.03,27616,3.0,-78.52207,35.852657,71845160,3.0,1553.0,0,0,0,1,320000
510,0.68,27540,4.0,-78.79597,35.64932,60531807,4.0,4518.0,0,0,1,0,865000
662,0.84,27615,4.0,-78.67146,35.89107,6483229,3.0,2611.0,0,0,1,0,745000
347,0.4,27608,3.0,-78.6461,35.809208,6411480,3.0,2376.0,0,0,0,0,810000
22,0.08,27604,3.0,-78.637024,35.79521,65332012,3.0,1653.0,0,0,1,0,750000
41,0.19,27597,4.0,-78.324905,35.84622,125244931,3.0,2708.0,0,0,1,0,877500
871,0.04,27606,2.0,-78.710724,35.751366,65342360,3.0,1324.0,0,0,0,1,375000
152,0.16,27502,4.0,-78.845474,35.727493,6436708,4.0,3162.0,0,0,1,0,803225
3,0.35998622589532,27511,3.0,-78.77723,35.78286,6428563,1.0,1216.0,0,0,1,0,510000
995,0.34,27523,4.0,-78.8833,35.75961,50116002,3.0,2337.0,0,0,1,0,635000
459,0.13,27614,3.0,-78.580696,35.9249,71671668,3.0,2855.0,0,0,1,0,650000
334,0.2,27526,3.0,-78.75855,35.58397,50116927,3.0,1483.0,0,0,1,0,397000
695,0.15,27502,4.0,-78.9036,35.733814,122060746,3.0,2900.0,0,0,1,0,692000
482,0.13,27526,4.0,-78.74931,35.572327,103766721,3.0,2458.0,0,0,1,0,480000
630,0.2,27526,3.0,-78.779785,35.60592,132344759,3.0,2108.0,0,1,0,0,80850
736,0.1399999999999999,27614,3.0,-78.56276,35.936684,60537201,2.0,1462.0,0,0,0,1,390000
92,0.24,27518,3.0,-78.78939,35.70926,6524764,3.0,2278.0,0,0,1,0,565000
323,1.4199954086318,27591,3.0,-78.41142,35.75211,305126964,1.0,880.0,0,0,1,0,80000
666,0.06,27615,2.0,-78.64615,35.873455,6498988,2.0,1167.0,0,0,0,1,310000
855,0.94,27606,3.0,-78.74757,35.70835,6458728,2.0,2025.0,0,0,1,0,600000
507,0.63,27539,4.0,-78.73207,35.68814,53455387,4.0,2745.0,0,0,1,0,635000
167,0.04,27610,3.0,-78.54441,35.7962,81437190,3.0,1280.0,0,0,0,1,295000
933,1.07,27614,3.0,-78.66118,35.932827,6396943,3.0,3373.0,0,0,1,0,534000
452,0.2299999999999999,27612,4.0,-78.674126,35.863113,6537177,4.0,2808.0,0,0,1,0,651500
542,0.22,27529,3.0,-78.605255,35.691833,6538142,3.0,2145.0,0,0,1,0,391000
384,0.1399908172635445,27610,3.0,-78.5636,35.7215,133215883,2.5,1828.0,0,0,1,0,425000
500,0.06,27591,3.0,-78.42578,35.763306,248747795,3.0,1664.0,0,0,0,1,390000
651,0.42,27529,3.0,-78.62115,35.703003,6406651,2.0,1557.0,0,0,1,0,320000
730,0.03,27511,3.0,-78.77912,35.78522,331657087,4.0,2471.0,0,0,0,1,1300000
223,0.25,27613,3.0,-78.70969,35.867783,6493587,2.0,1482.0,0,0,1,0,365000
118,0.82,27612,5.0,-78.697914,35.837128,119340745,6.0,5391.0,0,0,1,0,2350000
526,0.3,27513,4.0,-78.81128,35.783253,6489427,4.0,1886.0,0,0,1,0,460000
403,0.69,27592,3.0,-78.65673,35.564003,305122785,2.0,2139.0,0,0,1,0,440000
866,0.33,27613,4.0,-78.697395,35.885834,6517873,3.0,3092.0,0,0,1,0,775000
488,0.34,27612,5.0,-78.68643,35.866817,132196920,4.0,3968.0,0,0,1,0,1218226
515,0.47,27610,3.0,-78.54389,35.761726,6421807,2.0,1260.0,0,0,1,0,270000
143,0.65,27609,4.0,-78.61833,35.856373,6382982,3.0,2503.0,0,0,1,0,686500
202,2.25,27603,3.0,-78.68856,35.68883,6376784,3.0,1539.0,0,0,1,0,350000
273,0.55,27603,3.0,-78.66015,35.627125,60396451,2.0,1595.0,0,0,1,0,401000
68,0.28,27502,4.0,-78.898445,35.72082,50119998,3.0,1889.0,0,0,1,0,540000
844,0.15,27613,4.0,-78.72121,35.890465,50101900,3.0,2249.0,0,0,1,0,510000
56,1.22,27540,4.0,-78.861404,35.57248,305116508,4.0,3110.0,0,0,1,0,761000
177,0.7,27597,3.0,-78.332825,35.795124,133226322,3.5,3502.0,0,0,1,0,507000
198,0.0699954086317722,27616,3.0,-78.53535,35.847565,336867807,3.0,2108.0,0,1,0,0,590500
43,0.15,27591,3.0,-78.42179,35.768063,125275819,3.0,2469.0,0,0,1,0,485000
440,0.2,27518,3.0,-78.77793,35.726376,6494865,3.0,2359.0,0,0,1,0,595000
649,0.58,27591,3.0,-78.45669,35.868195,6404051,3.0,2108.0,0,1,0,0,59000
584,0.1699999999999999,27502,5.0,-78.91292,35.732384,336867121,5.0,3511.0,0,0,1,0,704694
729,0.15,27502,3.0,-78.94407,35.735893,331648955,3.0,2160.0,0,0,1,0,615000
690,0.11,27502,3.0,-78.842575,35.74621,89494954,3.0,2680.0,0,0,1,0,660000
416,0.36,27587,4.0,-78.51402,35.92864,62024601,3.0,3174.0,0,0,1,0,600000
956,0.31,27613,4.0,-78.70544,35.88494,6523251,3.0,3042.0,0,0,1,0,700000
126,0.1,27604,2.0,-78.57105,35.803055,50106732,2.0,912.0,0,0,1,0,310500
506,0.15,27603,3.0,-78.68167,35.74852,50116685,3.0,1503.0,0,0,1,0,410000
190,0.079981634527089,27529,3.0,-78.61865,35.682716,331655653,3.0,2108.0,0,1,0,0,375000
854,0.42998163452709,27511,3.0,-78.80701,35.755367,6438293,2.0,1811.0,0,0,1,0,475000
940,0.47,27591,4.0,-78.38324,35.81552,6438787,2.0,1437.0,0,0,1,0,210000
107,0.89,27603,4.0,-78.70759,35.66597,68317586,4.0,4025.0,0,0,1,0,900000
942,0.69,27545,3.0,-78.45616,35.763206,6451570,1.0,1070.0,0,0,1,0,310000
865,0.56,27613,4.0,-78.693085,35.888233,6513129,4.0,2959.0,0,0,1,0,705000
772,4.9,27529,3.0,-78.541595,35.70694,65344949,3.0,2108.0,0,1,0,0,600000
642,0.05,27614,3.0,-78.56809,35.921425,60537327,3.0,1509.0,0,0,0,1,305000
203,0.46999540863177,27529,3.0,-78.61738,35.72977,6379619,2.0,1408.0,0,0,1,0,280000
141,0.82,27539,4.0,-78.808846,35.691563,60533538,3.0,2617.0,0,0,1,0,640000
857,1.33,27526,3.0,-78.817955,35.565804,6473971,2.0,1329.0,0,0,1,0,315000
786,0.0699999999999999,27560,3.0,-78.84745,35.851852,92420856,3.0,1473.0,0,0,0,1,381000
168,0.06,27519,2.0,-78.910965,35.823902,81761220,3.0,1921.0,0,0,0,1,438000
804,0.08,27539,3.0,-78.75506,35.665356,80202526,3.0,2436.0,0,0,0,1,470000
593,0.29,27610,3.0,-78.62295,35.751682,6378948,1.0,1011.0,0,0,1,0,310000
288,0.3,27616,3.0,-78.548775,35.88059,6485828,2.0,1290.0,0,0,1,0,335000
731,0.19,27615,3.0,-78.65863,35.87995,50106368,2.0,2000.0,0,0,1,0,585000
272,0.19,27529,4.0,-78.58983,35.720585,53462020,3.0,1949.0,0,0,1,0,376600
888,1.3,27587,3.0,-78.70187,35.993435,6564825,3.0,2718.0,0,0,1,0,655000
513,0.22,27597,3.0,-78.320145,35.82348,6414069,3.0,2108.0,0,1,0,0,80000
962,0.18,27526,3.0,-78.7484,35.585785,122276323,2.0,1623.0,0,0,1,0,375000
62,0.1699954086317722,27606,3.0,-78.71698,35.77994,336868527,3.0,2108.0,0,1,0,0,744000
162,0.05,27612,3.0,-78.720795,35.858543,69566969,3.0,1735.0,0,0,0,1,390000
779,0.4,27539,4.0,-78.76011,35.655857,79886775,3.0,3727.0,0,0,1,0,885000
237,0.1699999999999999,27502,4.0,-78.910995,35.722504,6562940,2.0,1808.0,0,0,1,0,501000
371,0.12,27610,4.0,-78.62447,35.73128,69567043,3.0,2419.0,0,0,1,0,415000
124,0.34,27604,3.0,-78.54321,35.80759,50103150,3.0,1375.0,0,0,1,0,1082500
191,0.38999081726354,27539,3.0,-78.76409,35.68526,331655752,3.0,2108.0,0,1,0,0,676500
929,0.03,27606,2.0,-78.724625,35.785355,62038037,3.0,960.0,0,0,0,1,223000
787,0.41,27540,6.0,-78.87195,35.665863,122075091,6.0,5356.0,0,0,1,0,1625000
481,0.06,27519,3.0,-78.87034,35.814518,94722862,3.0,1734.0,0,0,0,1,450000
885,0.3,27612,4.0,-78.71342,35.824497,6549179,3.0,2730.0,0,0,1,0,770000
285,2.48,27614,4.0,-78.61464,35.930794,6474745,4.0,4981.0,0,0,1,0,1815000
842,0.06,27597,3.0,-78.28817,35.835743,336866847,3.0,1738.0,0,0,0,1,317260
838,0.28,27609,3.0,-78.64251,35.860188,6389229,2.0,1275.0,0,0,1,0,470000
367,0.92,27513,4.0,-78.84075,35.787712,6543490,4.0,3446.0,0,0,1,0,1250000
531,0.2299999999999999,27545,4.0,-78.513245,35.788654,6522355,3.0,2203.0,0,0,1,0,465000
892,0.04,27612,2.0,-78.73488,35.875683,94722912,3.0,1695.0,0,0,0,1,368000
189,0.15,27587,3.0,-78.48154,35.98895,248755438,4.0,2853.0,0,0,1,0,590000
532,0.29,27612,3.0,-78.6713,35.86447,6523406,3.0,2334.0,0,0,1,0,551000
