,propertyType,lotAreaValue,address,price,bedrooms,longitude,latitude,zpid,bathrooms,livingArea,SB_ID
0,SINGLE_FAMILY,0.51,27610,251000,3,-78.542496,35.75892,6402949,2,1515,1
1,SINGLE_FAMILY,0.62,27604,265000,3,-78.56691,35.82752,6416297,2,1251,2
2,SINGLE_FAMILY,0.19,27608,1352000,4,-78.63476,35.804733,6421830,4,3169,3
3,SINGLE_FAMILY,0.359986226,27511,510000,3,-78.77723,35.78286,6428563,1,1216,31
4,SINGLE_FAMILY,0.29,27607,560000,3,-78.68756,35.825516,6439560,2,1635,32
5,SINGLE_FAMILY,0.46,27529,356500,3,-78.611176,35.729122,6456549,2,1165,33
6,SINGLE_FAMILY,5.65,27597,575000,3,-78.34696,35.824886,6461171,3,2340,34
7,SINGLE_FAMILY,0.25,27606,481000,4,-78.693085,35.772472,6463492,4,1815,35
8,SINGLE_FAMILY,0.679981635,27545,39500,,-78.46159,35.75946,6464755,2,1382,36
9,SINGLE_FAMILY,0.389990817,27511,2150,3,-78.82478,35.757927,6465064,2,1732,37
10,LOT,2.6,27587,50000,,-78.47181,35.883595,6469073,,,38
11,SINGLE_FAMILY,0.17,27613,407500,3,-78.70865,35.8781,6472796,3,1398,39
12,SINGLE_FAMILY,0.36,27513,440000,3,-78.779274,35.80858,6472961,2,2071,40
13,SINGLE_FAMILY,0.26,27613,470000,3,-78.71689,35.880104,6493294,3,1810,41
14,SINGLE_FAMILY,0.15,27513,480000,3,-78.77595,35.799,6495141,3,1867,42
15,SINGLE_FAMILY,0.86,27592,350000,3,-78.674225,35.58899,6496386,2,1409,43
16,TOWNHOUSE,0.03,27613,321000,2,-78.71209,35.865623,6501003,3,1339,44
17,TOWNHOUSE,0.03,27513,258500,2,-78.80413,35.775932,6501360,3,1073,45
18,SINGLE_FAMILY,0.35,27518,744000,5,-78.75913,35.72214,6525233,5,3761,46
19,SINGLE_FAMILY,0.14,27615,430000,3,-78.594826,35.882042,6529329,3,2030,47
20,SINGLE_FAMILY,0.15,27616,310000,3,-78.56817,35.83437,6531572,2,1321,162
21,SINGLE_FAMILY,0.18,27603,450000,4,-78.68925,35.74892,6531822,3,2126,163
22,SINGLE_FAMILY,0.08,27604,750000,3,-78.637024,35.79521,65332012,3,1653,164
23,SINGLE_FAMILY,0.28,27519,925000,4,-78.887,35.796173,65339329,4,3722,165
24,SINGLE_FAMILY,0.34,27540,665000,4,-78.81316,35.657055,65343156,3,2770,212
25,SINGLE_FAMILY,0.24,27519,512000,3,-78.876144,35.78308,6545364,3,1567,213
26,SINGLE_FAMILY,0.35,27540,420000,4,-78.863304,35.63307,6545941,3,1850,214
27,SINGLE_FAMILY,0.27,27617,445000,3,-78.73339,35.902935,6558693,3,1675,231
28,SINGLE_FAMILY,0.359986226,27540,500000,3,-78.81802,35.649967,6559253,3,1981,232
29,SINGLE_FAMILY,0.060009183,27604,260000,3,-78.54351,35.810715,6560200,3,1358,252
30,TOWNHOUSE,0.02,27502,325000,3,-78.87553,35.742355,68317982,3,1452,253
31,SINGLE_FAMILY,0.69,27526,701000,3,-78.83332,35.60652,68319292,3,2637,254
32,TOWNHOUSE,0.03,27617,320000,2,-78.76899,35.91498,68319712,3,1420,255
33,SINGLE_FAMILY,0.7,27526,721517,4,-78.79772,35.623127,68320142,3,2719,256
34,TOWNHOUSE,0.04,27539,431000,3,-78.79782,35.681225,68320957,3,2318,257
35,SINGLE_FAMILY,0.97,27587,950000,4,-78.558395,36.00829,68971872,5,3928,258
36,SINGLE_FAMILY,0.64,27603,951000,4,-78.69845,35.64019,71661631,4,4322,270
37,TOWNHOUSE,0.04,27610,290000,3,-78.545135,35.796658,71844288,3,1513,271
38,SINGLE_FAMILY,8.25,27540,174000,,-78.85417,35.56534,71855757,,,272
39,LOT,0.939990817,27540,174500,,-78.85417,35.56534,71884595,,,273
0,SINGLE_FAMILY,0.19,27526,425000,4,-78.812775,35.628143,122282988,3,2276,274
1,SINGLE_FAMILY,0.19,27597,877500,4,-78.324905,35.84622,125244931,3,2708,275
2,SINGLE_FAMILY,0.15,27610,2325,4,-78.59418,35.74222,125250200,2.5,2035,276
3,SINGLE_FAMILY,0.15,27591,485000,3,-78.42179,35.768063,125275819,3,2469,277
4,CONDO,0,27612,247000,3,-78.686325,35.838703,132193912,2,1537,278
5,TOWNHOUSE,0.03,27612,390000,2,-78.72511,35.867523,133201002,3,1395,279
6,LOT,1.259986226,27610,2260000,,-78.57987,35.796795,133216932,,,280
7,SINGLE_FAMILY,0.16,27591,715069,3,,,2062488350,3,2788,281
8,SINGLE_FAMILY,0.16,27606,743600,4,,,2064262088,4,2590,282
9,SINGLE_FAMILY,0.147,27610,511855,2,,,2064340178,3,2086,283
10,CONDO,0,27606,230000,2,,,2065064079,3,1105,284
11,SINGLE_FAMILY,0.17,27526,551132,4,,,2065512131,4,2514,285
12,CONDO,0.03,27612,260000,3,,,2067994688,2,1441,286
13,SINGLE_FAMILY,0.12,27605,861100,3,-78.64923,35.789135,215486375,5,1843,287
14,SINGLE_FAMILY,0.45,27526,502000,4,-78.82003,35.588165,215487715,3,1877,288
15,LOT,0.25,27540,607000,,-78.88155,35.65032,248756222,,,289
16,SINGLE_FAMILY,1.22,27540,761000,4,-78.861404,35.57248,305116508,4,3110,290
17,SINGLE_FAMILY,0.41,27513,965500,5,-78.77345,35.79444,305116813,4,3069,291
18,SINGLE_FAMILY,0.19,27519,980000,4,-78.84411,35.765438,305124135,5,4041,292
19,TOWNHOUSE,0.14,27502,531000,3,-78.9438,35.739784,305127325,3,2276,293
20,LOT,0.159986226,27610,436500,,-78.54324,35.702404,336867283,,,294
21,SINGLE_FAMILY,0.259,27526,462557,5,-78.824036,35.571915,336868441,3,2396,295
22,LOT,0.169995409,27606,744000,,-78.71698,35.77994,336868527,,,296
23,SINGLE_FAMILY,0.144,27591,537081,2,-78.42377,35.757607,336868871,2,2037,305
24,LOT,1.619995409,27592,640000,,-78.69024,35.539482,336869648,,,306
25,SINGLE_FAMILY,0.16,27539,425000,4,-78.82793,35.68371,50109619,3,1840,1
26,SINGLE_FAMILY,0.47,27529,360000,3,-78.60725,35.620716,50119555,2,1659,2
27,SINGLE_FAMILY,0.5,27587,755000,4,-78.540695,36.00368,50119796,4,3586,3
28,SINGLE_FAMILY,0.28,27502,540000,4,-78.898445,35.72082,50119998,3,1889,31
29,TOWNHOUSE,0.05,27613,377500,3,-78.73523,35.90036,50120511,3,1824,32
30,SINGLE_FAMILY,0.5,27519,1040000,4,-78.88032,35.796604,50121801,4,3674,33
31,TOWNHOUSE,0.04,27615,315500,2,-78.59154,35.889416,53456696,2,1197,34
32,SINGLE_FAMILY,0.3,27540,355000,3,-78.821304,35.6325,60393302,2,1265,35
33,SINGLE_FAMILY,0.2,27616,380000,3,-78.511055,35.88066,60398593,3,1416,36
34,SINGLE_FAMILY,0.43,27540,800000,4,-78.816734,35.661472,60531261,4,3472,37
35,SINGLE_FAMILY,0.19,27610,337000,4,-78.563095,35.72948,60536740,3,1542,38
36,TOWNHOUSE,0.02,27610,220500,3,-78.5613,35.750515,60537531,3,1189,39
37,SINGLE_FAMILY,1.1,27526,280000,2,-78.80665,35.56236,6376519,2,1264,40
38,SINGLE_FAMILY,0.62,27608,905000,4,-78.62957,35.80903,6391940,3,2656,41
39,LOT,11.5,27545,600000,,-78.47939,35.81749,6401776,,,42
0,SINGLE_FAMILY,0.28,27529,349000,3,-78.60123,35.68022,6475560,3,1578,43
1,SINGLE_FAMILY,1.29,27539,425000,3,-78.74156,35.662148,6486866,3,1900,44
2,SINGLE_FAMILY,1.179981635,27501,215000,3,-78.75012,35.53342,6494620,2.5,1560,45
3,SINGLE_FAMILY,0.119995409,27610,180000,3,-78.58727,35.76983,6503026,2.5,1480,46
4,SINGLE_FAMILY,0.13,27616,250000,3,-78.55844,35.886684,6504060,2,1160,47
5,TOWNHOUSE,0.06,27587,300750,3,-78.52498,35.990883,6505497,3,1340,162
6,SINGLE_FAMILY,0.169995409,27616,290000,,-78.566315,35.852386,6509663,2,1764,163
7,SINGLE_FAMILY,0.56,27587,686000,3,-78.551704,35.970146,6510268,3,2702,164
8,SINGLE_FAMILY,0.19,27513,485000,3,-78.78972,35.816204,6513803,3,1629,165
9,SINGLE_FAMILY,0.179981635,27613,490000,3,-78.75085,35.925007,6515009,2.5,2007,212
10,SINGLE_FAMILY,0.97,27540,750000,3,-78.8065,35.642895,6519731,4,3658,213
11,SINGLE_FAMILY,0.28,27518,800000,4,-78.77807,35.714195,6524508,3,3407,214
12,SINGLE_FAMILY,0.24,27518,565000,3,-78.78939,35.70926,6524764,3,2278,231
13,SINGLE_FAMILY,0.16,27545,331000,3,-78.46354,35.76561,6525475,2,1229,232
14,SINGLE_FAMILY,0.3,27513,915000,4,-78.84515,35.803642,6532172,4,3406,252
15,SINGLE_FAMILY,0.28,27616,370000,3,-78.5178,35.884212,6532931,3,1608,253
16,SINGLE_FAMILY,0.32,27502,885000,5,-78.85763,35.744976,65330818,3,4745,254
17,SINGLE_FAMILY,0.23,27616,530000,4,-78.514275,35.877674,65333739,3,2714,255
18,SINGLE_FAMILY,0.37,27587,555555,4,-78.517265,35.97368,65334388,3,2456,256
19,TOWNHOUSE,0.05,27502,365000,3,-78.8753,35.727566,65339237,3,1476,257
20,TOWNHOUSE,0.02,27613,320000,3,-78.735435,35.885033,65339727,3,1412,258
21,SINGLE_FAMILY,0.279981635,27613,900000,,-78.73173,35.899887,6546411,2.5,2678,270
22,SINGLE_FAMILY,0.17,27545,321000,3,-78.47148,35.76552,6557526,2,1240,271
23,TOWNHOUSE,0.03,27545,295500,3,-78.51511,35.77635,67554664,3,1413,272
24,SINGLE_FAMILY,0.2,27502,600000,3,-78.86865,35.726326,67556863,3,2106,273
25,SINGLE_FAMILY,0.72,27526,470000,3,-78.75087,35.56442,67558681,3,2409,274
26,TOWNHOUSE,0.05,27613,425300,3,-78.73442,35.888424,67558847,3,1754,275
27,SINGLE_FAMILY,0.89,27603,900000,4,-78.70759,35.66597,68317586,4,4025,276
28,SINGLE_FAMILY,0.9,27603,675000,3,-78.67908,35.617996,69564748,3,3196,277
29,TOWNHOUSE,0.05,27616,315000,3,-78.55099,35.89921,69566683,3,1510,278
30,SINGLE_FAMILY,0.18,27610,361000,3,-78.58612,35.738937,71205682,3,1627,279
31,SINGLE_FAMILY,0.42,27571,655000,5,-78.45542,35.92825,80198178,4,3615,280
32,SINGLE_FAMILY,0.16,27614,475000,4,-78.556145,35.966125,81436757,3,2538,281
33,SINGLE_FAMILY,0.19,27587,485000,4,-78.47414,35.963066,82672052,3,2659,282
34,TOWNHOUSE,0.03,27603,325000,2,-78.659645,35.732666,82675612,3,1295,283
35,SINGLE_FAMILY,0.16,27526,383000,3,-78.76697,35.612476,89495175,3,1589,284
36,SINGLE_FAMILY,0.279981635,27545,504500,4,-78.462326,35.745316,98376957,3,3082,285
37,SINGLE_FAMILY,0.73,27529,435500,3,-78.58959,35.611523,111377267,2,2194,286
38,SINGLE_FAMILY,0.82,27612,2350000,5,-78.697914,35.837128,119340745,6,5391,287
39,SINGLE_FAMILY,0.21,27526,650000,5,-78.81901,35.595177,122279447,4,3377,288
0,LOT,0.6,27592,493500,,-78.70403,35.55616,336868134,,,289
1,SINGLE_FAMILY,0.13,27591,473801,2,-78.42296,35.75889,336869151,2,1888,290
2,LOT,0.289990817,27523,853500,,-78.93208,35.781693,336869460,,,291
3,SINGLE_FAMILY,1.17,27587,640000,4,-78.52806,35.993706,50102541,4,3007,292
4,SINGLE_FAMILY,0.34,27604,1082500,3,-78.54321,35.80759,50103150,3,1375,293
5,SINGLE_FAMILY,0.13,27604,380000,3,-78.54264,35.807205,50103151,3,1641,294
6,SINGLE_FAMILY,0.1,27604,310500,2,-78.57105,35.803055,50106732,2,912,295
7,SINGLE_FAMILY,0.18,27502,415000,3,-78.90995,35.72179,50110256,2,1825,296
8,SINGLE_FAMILY,0.2,27614,539900,3,-78.588905,35.91295,50111644,3,2274,305
9,SINGLE_FAMILY,0.409986226,27519,654000,4,-78.866684,35.794407,50112514,3,3300,306
10,SINGLE_FAMILY,0.109986226,27604,254500,,-78.543526,35.81246,50115261,2.5,1224,1
11,SINGLE_FAMILY,0.9,27592,614000,4,-78.6591,35.581657,50115861,4,4174,2
12,TOWNHOUSE,0.04,27613,365000,3,-78.73467,35.900005,50116161,3,1600,3
13,SINGLE_FAMILY,0.3,27614,675000,4,-78.56358,35.945236,50118842,3,2716,31
14,SINGLE_FAMILY,0.92,27614,635000,4,-78.68302,35.977757,50122261,3,2807,32
15,SINGLE_FAMILY,0.69,27616,493800,3,-78.49397,35.834538,53459031,3,2644,33
16,TOWNHOUSE,0.04,27615,300000,2,-78.570854,35.89487,53459688,3,1389,34
17,SINGLE_FAMILY,0.61,27526,470000,4,-78.77072,35.6089,53462377,4,2817,35
18,SINGLE_FAMILY,0.36,27540,880000,4,-78.818436,35.66106,60393315,3,3267,36
19,TOWNHOUSE,0.02,27502,332500,3,-78.87337,35.74304,60394059,3,1460,37
20,TOWNHOUSE,0.081,27587,354000,3,-78.525024,35.99934,60399389,3,2111,38
21,SINGLE_FAMILY,0.82,27539,640000,4,-78.808846,35.691563,60533538,3,2617,39
22,SINGLE_FAMILY,0.39,27616,350500,4,-78.56616,35.839344,60536955,3,1728,40
23,SINGLE_FAMILY,0.65,27609,686500,4,-78.61833,35.856373,6382982,3,2503,41
24,SINGLE_FAMILY,1,27587,339000,3,-78.69801,36.05655,6408058,3,1694,42
25,SINGLE_FAMILY,0.28,27609,495000,3,-78.61649,35.86317,6416636,2,2258,43
26,SINGLE_FAMILY,0.21,27610,300000,2,-78.60835,35.78965,6417877,1,1037,44
27,SINGLE_FAMILY,0.46,27609,925000,4,-78.62263,35.856987,6419381,4,3052,45
28,SINGLE_FAMILY,0.229981635,27610,290000,4,-78.61071,35.774117,6426816,2.5,1407,46
29,SINGLE_FAMILY,0.2,27607,525000,3,-78.66886,35.798695,6427840,2,1072,47
30,LOT,3.87,27607,1600000,,-78.744675,35.804764,6427874,,,162
31,LOT,0.75,27609,1654320,,-78.649925,35.829597,6435250,,,163
32,SINGLE_FAMILY,0.16,27502,803225,4,-78.845474,35.727493,6436708,4,3162,164
33,SINGLE_FAMILY,0.29,27511,504500,3,-78.76786,35.786552,6442221,2,1463,165
34,SINGLE_FAMILY,0.919995409,27529,490000,4,-78.61777,35.6698,6443955,3,2378,212
35,SINGLE_FAMILY,1.669995409,27603,1200000,,-78.697525,35.68828,6455866,,2910,213
36,SINGLE_FAMILY,0.959986226,27615,615000,4,-78.64802,35.921265,6458486,5,2920,214
37,TOWNHOUSE,0.03,27609,265250,2,-78.60208,35.859764,6465804,2,1095,231
38,TOWNHOUSE,0.07,27608,550000,2,-78.65777,35.81068,6470279,2,1426,232
39,MANUFACTURED,0.7,27603,28000,,-78.63684,35.58144,6475012,3,1904,252
0,SINGLE_FAMILY,0.34,27526,535000,4,-78.74789,35.62196,67556713,3,2600,253
1,SINGLE_FAMILY,0.23,27539,435000,4,-78.81078,35.67658,68319575,3,2283,254
2,TOWNHOUSE,0.05,27612,390000,3,-78.720795,35.858543,69566969,3,1735,255
3,SINGLE_FAMILY,0.38,27519,1350000,5,-78.90693,35.80818,71206490,4,3892,256
4,TOWNHOUSE,0.03,27616,320000,3,-78.52207,35.852657,71845160,3,1553,257
5,SINGLE_FAMILY,0.92,27613,1275000,4,-78.69982,35.925026,80208142,6,4978,258
6,SINGLE_FAMILY,0.208999082,27526,382500,3,-78.80536,35.57163,81436653,2.5,1826,270
7,TOWNHOUSE,0.04,27610,295000,3,-78.54441,35.7962,81437190,3,1280,271
8,TOWNHOUSE,0.06,27519,438000,2,-78.910965,35.823902,81761220,3,1921,272
9,TOWNHOUSE,0.04,27604,300000,3,-78.5884,35.82911,88948341,3,1482,273
10,TOWNHOUSE,0.03,27616,300000,3,-78.53724,35.894028,102328967,3,1559,274
11,SINGLE_FAMILY,0.4,27540,585000,4,-78.86987,35.638096,122065625,3,2691,275
12,SINGLE_FAMILY,0.2,27502,792500,4,-78.91313,35.718555,122281720,3,2777,276
13,SINGLE_FAMILY,0.22,27519,960000,4,-78.88541,35.821575,122283397,4,3552,277
14,SINGLE_FAMILY,0.22,27545,580000,4,-78.46686,35.797592,125090228,3,2968,278
15,SINGLE_FAMILY,0.69,27539,870000,4,-78.717636,35.675415,125247256,4,4267,279
16,SINGLE_FAMILY,,27604,145000,,-78.59084,35.847546,132267961,1,756,280
17,SINGLE_FAMILY,0.7,27597,507000,,-78.332825,35.795124,133226322,3.5,3502,281
18,SINGLE_FAMILY,0.039990817,27571,300000,,-78.46822,35.919926,133704289,2,1661,282
19,SINGLE_FAMILY,0.14,27616,520500,4,-78.511536,35.837463,133704370,3,2615,283
20,TOWNHOUSE,0.1,27519,485000,4,,,2063167037,4,1856,284
21,TOWNHOUSE,0.1,27519,497070,4,,,2063168027,4,1970,285
22,TOWNHOUSE,0.069,27529,374843,3,,,2064080001,3,1916,286
23,TOWNHOUSE,0.03,27545,391827,3,,,2066579761,4,2311,287
24,SINGLE_FAMILY,0.31,27571,530000,4,,,2066689029,4,2474,288
25,SINGLE_FAMILY,0.39,27539,676115,5,,,2067371439,4,2974,289
26,TOWNHOUSE,0.044,27610,310500,3,,,2067948059,3,1573,290
27,TOWNHOUSE,0.07,27539,435000,3,-78.80717,35.670372,215484821,3,1902,291
28,SINGLE_FAMILY,0.11,27502,575000,3,-78.92262,35.703983,248749225,3,2244,292
29,SINGLE_FAMILY,0.15,27587,590000,3,-78.48154,35.98895,248755438,4,2853,293
30,LOT,0.079981635,27529,375000,,-78.61865,35.682716,331655653,,,294
31,LOT,0.389990817,27539,676500,,-78.76409,35.68526,331655752,,,295
32,LOT,0.05,27526,352500,,-78.80712,35.569454,331656889,,,296
33,LOT,0.369995409,27562,879000,,-78.89296,35.62668,336860447,,,305
34,SINGLE_FAMILY,0.14,27597,400000,3,-78.32762,35.846954,336860671,3,2300,306
35,LOT,1.769995409,27587,781000,,-78.40052,35.93462,336860835,,,1
36,LOT,0.209986226,27540,721500,,-78.884834,35.65168,336866248,,,2
37,SINGLE_FAMILY,0.029981635,27545,392000,3,-78.50116,35.794865,336866526,3,2311,3
38,LOT,0.069995409,27616,590500,,-78.53535,35.847565,336867807,,,31
39,LOT,0.05,27560,468000,,-78.830925,35.83173,336868020,,,32
0,SINGLE_FAMILY,0.15,27616,441000,3,-78.546776,35.887524,60538281,3,2294,33
1,SINGLE_FAMILY,0.71,27571,440000,4,-78.4576,35.93771,60539029,3,2538,34
2,SINGLE_FAMILY,2.25,27603,350000,3,-78.68856,35.68883,6376784,3,1539,35
3,SINGLE_FAMILY,0.469995409,27529,280000,,-78.61738,35.72977,6379619,2,1408,36
4,LOT,0.38,27529,164500,,-78.62319,35.716484,6379831,,,37
5,SINGLE_FAMILY,0.28,27529,265000,3,-78.61351,35.709263,6384076,1,1007,38
6,SINGLE_FAMILY,0.41,27529,170000,2,-78.622856,35.71999,6387470,1,1200,39
7,SINGLE_FAMILY,0.2,27603,312000,2,-78.64154,35.74563,6406616,1,835,40
8,SINGLE_FAMILY,0.56,27612,660000,4,-78.6999,35.860535,6408670,4,3010,41
9,SINGLE_FAMILY,0.21,27610,300000,2,-78.61032,35.790524,6412926,1,937,42
10,LOT,1.3,27529,75000,,-78.57956,35.73617,6414181,,,43
11,SINGLE_FAMILY,0.3,27609,845000,3,-78.65138,35.845963,6424861,2,2312,44
12,LOT,147.26,27587,32740000,,-78.49403,36.00179,6431615,,,45
13,SINGLE_FAMILY,0.17,27591,230000,3,-78.37135,35.78824,6432989,1,960,46
14,SINGLE_FAMILY,0.81,27609,1300000,3,-78.64728,35.816917,6447070,3,3001,47
15,MANUFACTURED,0.46,27526,105000,3,-78.725685,35.61829,6458148,2,1188,162
16,LOT,0.46,27529,177000,,-78.62334,35.716698,6463820,,,163
17,SINGLE_FAMILY,0.88,27615,975000,5,-78.66447,35.903847,6468487,4,4100,164
18,SINGLE_FAMILY,0.29,27615,835000,6,-78.63924,35.889202,6468806,4,3693,165
19,TOWNHOUSE,0.03,27615,265000,2,-78.64353,35.887417,6471507,2,1277,212
20,SINGLE_FAMILY,1,27545,239500,3,-78.47624,35.818184,6484424,2,1250,213
21,TOWNHOUSE,0.03,27604,265000,2,-78.58176,35.840878,6490029,3,1263,214
22,SINGLE_FAMILY,0.71,27587,415000,3,-78.52075,35.892918,6493520,3,1755,231
23,SINGLE_FAMILY,0.25,27613,365000,3,-78.70969,35.867783,6493587,2,1482,232
24,SINGLE_FAMILY,1,27523,625000,3,-78.84268,35.75258,6498568,2,2324,252
25,TOWNHOUSE,0.04,27615,415000,3,-78.67304,35.888012,6499813,4,2112,253
26,SINGLE_FAMILY,2.52,27592,365000,3,-78.712776,35.585518,6500648,2,1500,254
27,SINGLE_FAMILY,2.074,27526,725000,3,-78.76922,35.572098,6518331,3,3008,255
28,SINGLE_FAMILY,0.21,27513,630000,3,-78.83431,35.785473,6521446,3,2058,256
29,SINGLE_FAMILY,0.239990817,27526,351000,3,-78.798294,35.573975,6526062,2.5,1400,257
30,SINGLE_FAMILY,0.169995409,27616,463500,,-78.52286,35.874565,65333723,2.5,2112,258
31,SINGLE_FAMILY,0.119995409,27519,425000,,-78.84913,35.774834,6535363,2.5,1558,270
32,SINGLE_FAMILY,0.81,27513,1315000,5,-78.84077,35.78804,6543491,5,4383,271
33,SINGLE_FAMILY,0.25,27603,448000,3,-78.67021,35.74183,6555047,3,1863,272
34,SINGLE_FAMILY,0.22,27612,473000,3,-78.72889,35.870907,6557635,2,1471,273
35,SINGLE_FAMILY,0.17,27617,501000,3,-78.73074,35.90688,6557646,3,1740,274
36,SINGLE_FAMILY,0.96,27615,833250,4,-78.68411,35.936447,6559990,3,3658,275
37,SINGLE_FAMILY,0.17,27502,501000,4,-78.910995,35.722504,6562940,2,1808,276
38,SINGLE_FAMILY,0.279981635,27610,120000,3,-78.54294,35.74717,6563703,2,1498,277
39,TOWNHOUSE,0.03,27513,340000,3,-78.78759,35.79343,67555524,3,1401,278
0,MULTI_FAMILY,,27606,97000,1,-78.74132,35.77597,132157059,1,820,279
1,TOWNHOUSE,0.09,27539,525000,4,-78.81384,35.67248,133699029,3,2659,280
2,SINGLE_FAMILY,0.19,27545,450000,5,-78.50553,35.757027,133703605,3,2837,281
3,CONDO,0,27519,330000,2,,,2062730883,3,1357,282
4,CONDO,0,27603,850000,2,,,2063231777,3,1464,283
5,SINGLE_FAMILY,0.15,27591,695000,4,,,2064141733,3,3233,284
6,CONDO,0,27511,195000,2,,,2065067827,1,730,285
7,SINGLE_FAMILY,0.192,27526,535516,5,,,2065772146,3,2886,286
8,TOWNHOUSE,0.03,27545,390951,3,,,2066579620,4,2342,287
9,SINGLE_FAMILY,0.17,27529,586470,4,,,2066870760,4,3173,288
10,SINGLE_FAMILY,,27616,470000,3,,,2067056547,3,2025,289
11,LOT,0.1,27529,10000,,,,2070801703,,,290
12,CONDO,0,27560,302500,2,,,2093275144,2,1198,291
13,SINGLE_FAMILY,0.24,27502,1050000,4,-78.904526,35.70838,248748361,5,3552,292
14,TOWNHOUSE,0.073,27539,448500,3,-78.80745,35.6704,248750765,3,1950,293
15,SINGLE_FAMILY,0.36,27526,650000,5,-78.77866,35.629856,248751046,3,2919,294
16,SINGLE_FAMILY,0.14,27591,390000,2,-78.42811,35.76265,248756500,2,1670,295
17,SINGLE_FAMILY,0.11,27523,575000,3,-78.92706,35.73302,331653999,3,1902,296
18,LOT,24.35,27587,19768132,,-78.49652,35.999115,333944228,,,305
19,LOT,0.2,27610,451000,,-78.543434,35.702396,336868604,,,306
20,SINGLE_FAMILY,0.029981635,27545,391000,3,-78.50116,35.794804,336868985,3,2342,1
21,LOT,0.279981635,27587,483000,,-78.46012,35.957962,336869539,,,2
22,LOT,37.95,27587,9203161,,-78.49854,36.002277,50097992,,,3
23,LOT,1.8,27529,268500,,-78.622696,35.716595,50098158,,,31
24,SINGLE_FAMILY,0.15,27513,495000,3,-78.777885,35.79995,50100554,3,2001,32
25,SINGLE_FAMILY,0.25,27523,625000,4,-78.88579,35.75779,50110011,3,2620,33
26,SINGLE_FAMILY,0.169995409,27615,417500,,-78.57287,35.892555,50110732,2.5,1926,34
27,SINGLE_FAMILY,0.14,27616,320000,3,-78.56781,35.855083,50111098,3,1408,35
28,SINGLE_FAMILY,0.23,27597,257200,3,-78.33596,35.831097,50112355,2,1133,36
29,SINGLE_FAMILY,0.34,27587,385000,3,-78.46717,35.95531,50116299,2,1354,37
30,SINGLE_FAMILY,0.53,27603,1315000,3,-78.661964,35.628242,50118292,3,2119,38
31,SINGLE_FAMILY,0.25,27610,500000,6,-78.62491,35.743874,50122273,3,3191,39
32,SINGLE_FAMILY,0.19,27529,376600,4,-78.58983,35.720585,53462020,3,1949,40
33,SINGLE_FAMILY,0.55,27603,401000,3,-78.66015,35.627125,60396451,2,1595,41
34,SINGLE_FAMILY,0.329981635,27616,414000,3,-78.567665,35.84082,60397245,3,1902,42
35,SINGLE_FAMILY,0.219995409,27587,417500,5,-78.493095,35.98653,60399433,3,2704,43
36,SINGLE_FAMILY,0.28,27540,652500,3,-78.804985,35.64955,60531330,3,2642,44
37,TOWNHOUSE,0.05,27523,415000,3,-78.879135,35.7523,60532490,3,1563,45
38,TOWNHOUSE,0.08,27613,612000,3,-78.7083,35.88279,60534729,3,2689,46
39,TOWNHOUSE,0.029981635,27603,310000,2,-78.6797,35.750713,60535080,2.5,1300,47
0,TOWNHOUSE,0.3,27609,350000,3,-78.62705,35.8591,6460351,3,1740,162
1,SINGLE_FAMILY,0.3,27511,577000,3,-78.769104,35.78001,6461058,2,1490,163
2,SINGLE_FAMILY,0.58,27613,552000,4,-78.720924,35.90619,6464694,3,2200,164
3,SINGLE_FAMILY,0.26,27604,387500,3,-78.578094,35.82659,6465326,2,1588,165
4,TOWNHOUSE,0.05,27511,330000,2,-78.78442,35.758038,6466218,2,1119,212
5,SINGLE_FAMILY,2.48,27614,1815000,4,-78.61464,35.930794,6474745,4,4981,213
6,SINGLE_FAMILY,0.92,27603,373900,3,-78.633965,35.649544,6476579,2,1613,214
7,SINGLE_FAMILY,0.25,27526,351000,3,-78.7865,35.605644,6484648,2,1567,231
8,SINGLE_FAMILY,0.3,27616,335000,3,-78.548775,35.88059,6485828,2,1290,232
9,SINGLE_FAMILY,0.589990817,27518,675000,,-78.75635,35.733486,6486709,3,4217,252
10,TOWNHOUSE,0.02,27511,290000,2,-78.789825,35.76295,6492797,3,1126,253
11,TOWNHOUSE,0.05,27518,625000,2,-78.76632,35.72493,6504425,3,2358,254
12,SINGLE_FAMILY,0.89,27539,800000,3,-78.80158,35.6918,6513201,4,4090,255
13,SINGLE_FAMILY,0.29,27615,450000,4,-78.57608,35.898853,6513704,3,2146,256
14,TOWNHOUSE,0.06,27604,255000,2,-78.566055,35.82954,6516537,2,1703,257
15,SINGLE_FAMILY,0.25,27560,595000,3,-78.84068,35.835575,65329268,3,2284,258
16,SINGLE_FAMILY,0.14,27560,485000,3,-78.836555,35.82764,65335132,3,1662,270
17,SINGLE_FAMILY,0.275,27587,702000,3,-78.49174,35.944275,65340728,3,2894,271
18,SINGLE_FAMILY,0.38,27519,507500,3,-78.87288,35.779015,6535252,3,1770,272
19,SINGLE_FAMILY,0.18,27604,425000,4,-78.549965,35.812523,6537265,3,2312,273
20,SINGLE_FAMILY,0.34,27519,811000,4,-78.85445,35.795376,6559847,3,3009,274
21,SINGLE_FAMILY,0.19,27614,465000,4,-78.57777,35.911884,6560590,3,1873,275
22,SINGLE_FAMILY,0.28,27539,739555,5,-78.756584,35.65397,67556750,3,3017,276
23,SINGLE_FAMILY,0.31,27616,460000,4,-78.52657,35.874725,79885288,3,2267,277
24,TOWNHOUSE,0.03,27617,370000,3,-78.80847,35.90572,79888929,4,1718,278
25,SINGLE_FAMILY,0.12,27502,603000,3,-78.8706,35.725674,81434952,3,2297,279
26,SINGLE_FAMILY,0.32,27539,701000,4,-78.73238,35.643642,82671842,3,2702,280
27,SINGLE_FAMILY,0.159986226,27610,411000,,-78.541046,35.71901,88952847,2.5,2392,281
28,SINGLE_FAMILY,0.127,27616,430000,3,-78.52087,35.895702,113105309,3,2455,282
29,TOWNHOUSE,0.03,27519,380000,3,-78.89542,35.828342,118204019,4,1775,283
30,TOWNHOUSE,0.1,27519,630000,3,-78.91045,35.831074,119341926,3,2403,284
31,SINGLE_FAMILY,3.26,27539,1100000,5,-78.71521,35.688026,122066937,6,4801,285
32,SINGLE_FAMILY,0.28,27539,725000,5,-78.72704,35.645264,122072493,4,3204,286
33,TOWNHOUSE,0.04,27603,361000,3,-78.654015,35.739365,122277123,3,1421,287
34,SINGLE_FAMILY,0.14,27616,446000,3,-78.52371,35.864094,122279926,3,2104,288
35,SINGLE_FAMILY,0.21,27587,592000,4,-78.49111,35.980286,122280586,4,2655,289
36,SINGLE_FAMILY,0.23,27501,450000,4,-78.75276,35.54338,122282049,3,2675,290
37,SINGLE_FAMILY,0.15,27610,407000,,-78.545,35.737556,122282617,2.5,2040,291
38,TOWNHOUSE,0.03,27519,431000,3,-78.89515,35.82733,122282632,4,1800,292
39,SINGLE_FAMILY,,27519,330000,,-78.90375,35.81434,132092553,1.5,1424,293
0,LOT,0.109986226,27616,400000,,-78.55755,35.850883,248753211,,,294
1,TOWNHOUSE,0.09,27511,680000,3,-78.75395,35.767643,248754678,3,2838,295
2,SINGLE_FAMILY,0.039990817,27616,398000,,-78.5372,35.859837,305117663,3.5,1940,296
3,SINGLE_FAMILY,1.419995409,27591,80000,,-78.41142,35.75211,305126964,1,880,305
4,LOT,1.01,27539,295000,,-78.76703,35.685074,331657350,,,306
5,LOT,0.2,27519,871000,,-78.881195,35.81419,331657905,,,1
6,LOT,0.109986226,27529,373000,,-78.61668,35.684017,336867278,,,2
7,TOWNHOUSE,0.053,27529,324141,3,-78.617096,35.683666,336867279,3,1529,3
8,TOWNHOUSE,0.05,27560,449500,3,-78.83095,35.831924,336867584,2.5,1835,31
9,LOT,0.319995409,27587,523000,,-78.459854,35.957867,336867757,,,32
10,LOT,0.229981635,27526,218500,,-78.79663,35.55967,336869550,,,33
11,SINGLE_FAMILY,0.12,27591,440471,2,-78.42373,35.758144,336869597,2,1599,34
12,TOWNHOUSE,0.03,27511,325000,3,-78.79143,35.76642,50114510,3,1481,35
13,SINGLE_FAMILY,0.16,27612,486000,3,-78.7207,35.856327,50115450,3,1785,36
14,SINGLE_FAMILY,0.2,27526,397000,3,-78.75855,35.58397,50116927,3,1483,37
15,TOWNHOUSE,0.069995409,27606,315000,2,-78.71613,35.752003,53461884,3,1462,38
16,TOWNHOUSE,0.02,27613,345000,3,-78.71314,35.87782,60395969,3,1387,39
17,SINGLE_FAMILY,0.62,27587,840000,4,-78.54358,35.988495,60539590,4,3740,40
18,SINGLE_FAMILY,0.46,27603,368000,4,-78.680244,35.680485,6377857,3,2002,41
19,SINGLE_FAMILY,0.7,27545,341100,3,-78.52283,35.782276,6384383,2,2030,42
20,SINGLE_FAMILY,0.309986226,27511,490000,3,-78.797066,35.770996,6384388,2,2200,43
21,SINGLE_FAMILY,0.11,27601,730000,3,-78.634254,35.77019,6392309,3,1690,44
22,SINGLE_FAMILY,0.339990817,27609,600000,3,-78.65485,35.849773,6397003,2,2000,45
23,MULTI_FAMILY,0.31,27608,825000,,-78.66096,35.804096,6398372,,1910,46
24,SINGLE_FAMILY,0.45,27607,760000,4,-78.68069,35.8192,6403058,3,2470,47
25,SINGLE_FAMILY,0.36,27609,380000,3,-78.64793,35.866337,6408528,2,1524,162
26,LOT,7.389990817,27529,259000,,-78.645775,35.690918,6410645,1,640,163
27,MULTI_FAMILY,0.4,27608,810000,,-78.6461,35.809208,6411480,,2376,164
28,SINGLE_FAMILY,4.479981635,27523,420000,,-78.92958,35.747833,6411896,1,2223,165
29,SINGLE_FAMILY,0.93,27615,475000,4,-78.63658,35.896744,6413840,4,2981,212
30,SINGLE_FAMILY,0.45,27610,317000,3,-78.5403,35.75688,6413982,2,1608,213
31,SINGLE_FAMILY,0.389990817,27612,465000,,-78.66524,35.842014,6422604,2.5,2041,214
32,SINGLE_FAMILY,0.29,27610,480000,4,-78.605,35.79728,6425805,2,1564,231
33,SINGLE_FAMILY,0.3,27609,785000,4,-78.630486,35.846466,6426422,3,2286,232
34,SINGLE_FAMILY,0.42,27511,427000,3,-78.79573,35.770393,6429481,2,1464,252
35,SINGLE_FAMILY,0.019995409,27511,257000,,-78.7491,35.766796,6442498,1.5,1152,253
36,MANUFACTURED,0.879981635,27597,75000,,-78.29507,35.810383,6447043,,,254
37,SINGLE_FAMILY,0.49,27591,335000,3,-78.43815,35.82943,6447749,2,1295,255
38,SINGLE_FAMILY,0.7,27613,532000,3,-78.68426,35.891624,6450753,2,3113,256
39,SINGLE_FAMILY,0.28,27511,460000,3,-78.82435,35.75546,6455434,3,1469,257
0,TOWNHOUSE,0.04,27545,231000,2,-78.49709,35.795128,6511433,1,934,258
1,SINGLE_FAMILY,0.15,27603,325000,3,-78.68875,35.75158,6512934,2,1242,270
2,SINGLE_FAMILY,0.419995409,27610,210000,,-78.54315,35.746162,6516232,2,1164,271
3,SINGLE_FAMILY,0.22,27604,405000,4,-78.54836,35.806538,6521386,3,2179,272
4,SINGLE_FAMILY,0.259986226,27604,115500,,-78.549965,35.818268,65333172,3.5,2961,273
5,TOWNHOUSE,0.04,27613,360000,2,-78.729576,35.877823,65339880,4,1896,274
6,TOWNHOUSE,0.029981635,27613,300000,2,-78.73848,35.895725,65344141,3,1277,275
7,SINGLE_FAMILY,0.92,27513,1250000,4,-78.84075,35.787712,6543490,4,3446,276
8,SINGLE_FAMILY,0.28,27518,550000,3,-78.793365,35.708748,6544391,3,2350,277
9,SINGLE_FAMILY,0.29,27502,455000,3,-78.88958,35.724285,6555291,2,1608,278
10,SINGLE_FAMILY,1.5,27540,539900,3,-78.83386,35.612953,67556413,3,2727,279
11,SINGLE_FAMILY,0.12,27610,415000,4,-78.62447,35.73128,69567043,3,2419,280
12,SINGLE_FAMILY,0.23,27529,395000,4,-78.59432,35.72668,79887939,3,2088,281
13,SINGLE_FAMILY,0.34,27519,1400000,7,-78.916306,35.80543,81436463,5,5188,282
14,TOWNHOUSE,0.059986226,27609,750000,3,-78.641335,35.831203,82676999,4,2317,283
15,TOWNHOUSE,0.03,27616,290000,2,-78.59121,35.867085,88943688,3,1292,284
16,SINGLE_FAMILY,0.2,27587,505000,4,-78.52837,35.97303,111577394,3,2582,285
17,SINGLE_FAMILY,0.31,27539,695000,4,-78.73006,35.6401,118509052,4,3027,286
18,SINGLE_FAMILY,1,27587,1000000,6,-78.47449,35.979214,122065955,6,5028,287
19,SINGLE_FAMILY,0.17,27502,860000,6,-78.913155,35.707836,124447931,4,3639,288
20,APARTMENT,,27603,201500,2,-78.68599,35.752052,132183546,2,1000,289
21,CONDO,0,27614,307000,3,-78.568794,35.922794,132275361,3,1692,290
22,SINGLE_FAMILY,0.2,27526,500000,,-78.76364,35.587463,132345313,2.5,2347,291
23,SINGLE_FAMILY,1.379981635,27592,509000,,-78.68121,35.599037,132346802,2.5,2690,292
24,SINGLE_FAMILY,0.139990817,27610,425000,,-78.5636,35.7215,133215883,2.5,1828,293
25,SINGLE_FAMILY,0.26,27616,490000,5,-78.52358,35.86571,133221807,3,2211,294
26,SINGLE_FAMILY,0.06,27587,353475,4,-78.48878,35.97855,133700348,4,1879,295
27,SINGLE_FAMILY,0.15,27603,530000,4,-78.69711,35.65858,133702835,3,2390,296
28,SINGLE_FAMILY,0.22,27526,492500,4,,,2062427465,3,2472,305
29,SINGLE_FAMILY,0.23,27526,507205,4,,,2062949781,3,2472,306
30,SINGLE_FAMILY,0.22,27526,505000,5,,,2064240589,3,2613,1
31,MULTI_FAMILY,0.4,27608,810000,,,,2064244077,,2546,2
32,SINGLE_FAMILY,0.139,27529,596080,6,,,2066870847,5,3917,3
33,SINGLE_FAMILY,0.11,27540,540704,5,,,2066974166,4,3032,31
34,SINGLE_FAMILY,0.232,27616,690000,5,,,2068430021,4,2949,32
35,SINGLE_FAMILY,0.195,27519,880695,4,,,2070065635,5,4084,33
36,MULTI_FAMILY,0.31,27608,825000,,-78.663574,35.80396,2085903096,,1910,34
37,SINGLE_FAMILY,0.21,27526,695500,4,-78.77619,35.63135,215484934,3,3026,35
38,LOT,0.729981635,27529,250000,,-78.642296,35.69186,248741516,,,36
39,SINGLE_FAMILY,0.17,27562,660000,4,-78.94372,35.6909,248750556,4,3564,37
0,LOT,0.309986226,27523,1091000,,-78.9298,35.76918,248751257,,,38
1,SINGLE_FAMILY,0.16,27597,430000,5,-78.33684,35.860855,305120084,3,2920,39
2,SINGLE_FAMILY,0.189990817,27519,925500,,-78.880295,35.815975,305120769,,,40
3,SINGLE_FAMILY,0.69,27592,440000,3,-78.65673,35.564003,305122785,2,2139,41
4,TOWNHOUSE,0.06,27603,379500,3,-78.69352,35.663166,305127808,3,1889,42
5,TOWNHOUSE,0.054,27529,402000,3,-78.59209,35.705273,331654481,3,1500,43
6,TOWNHOUSE,0.03,27587,412070,3,-78.49236,35.967358,331656492,4,2208,44
7,SINGLE_FAMILY,0.23,27591,469000,5,-78.36336,35.76778,331656760,3,2154,45
8,LOT,0.139990817,27560,987000,,-78.83238,35.821236,336867425,,,46
9,LOT,0.279981635,27587,510000,,-78.45959,35.957905,336868656,,,47
10,SINGLE_FAMILY,0.33,27519,960000,4,-78.8573,35.80632,50102738,4,2744,162
11,SINGLE_FAMILY,0.85,27616,500000,3,-78.487434,35.861717,50106345,2,2130,163
12,TOWNHOUSE,0.04,27502,399000,3,-78.861374,35.740444,50119219,3,1678,164
13,SINGLE_FAMILY,0.24,27614,595000,4,-78.56718,35.91451,53455899,3,2608,165
14,SINGLE_FAMILY,0.48,27518,1720000,5,-78.79894,35.71192,53460679,5,4606,212
15,TOWNHOUSE,0.05,27616,305000,3,-78.56417,35.863422,60536875,3,1659,213
16,SINGLE_FAMILY,0.36,27587,600000,4,-78.51402,35.92864,62024601,3,3174,214
17,SINGLE_FAMILY,0.3,27607,678500,3,-78.68236,35.808178,6378091,2,1403,231
18,SINGLE_FAMILY,0.35,27511,410000,3,-78.77386,35.784668,6384322,2,1452,232
19,SINGLE_FAMILY,0.64,27529,426000,3,-78.61614,35.705032,6385682,3,2369,252
20,SINGLE_FAMILY,0.459986226,27609,440000,,-78.63998,35.852715,6386806,1.5,1486,253
21,SINGLE_FAMILY,0.289990817,27511,428000,3,-78.79267,35.782448,6392249,2,1350,254
22,MULTI_FAMILY,0.3,27608,825000,2,-78.66069,35.804085,6399802,1,955,255
23,SINGLE_FAMILY,0.46,27606,545000,4,-78.70431,35.768223,6410584,3,2900,256
24,SINGLE_FAMILY,0.24,27609,600000,3,-78.636284,35.853344,6422294,3,2050,257
25,SINGLE_FAMILY,0.5706382,27615,699000,3,-78.62052,35.881733,6432181,3,2957,258
26,SINGLE_FAMILY,4.919995409,27603,350000,,-78.671936,35.702915,6433831,1,1098,270
27,LOT,2.573,27616,1350000,,-78.58615,35.86887,6436829,,,271
28,LOT,0.85,27597,65000,0,-78.31777,35.865906,6445194,0,1288,272
29,TOWNHOUSE,0.1,27606,257000,3,-78.74139,35.77413,6446491,2,1300,273
30,TOWNHOUSE,0.05,27609,335000,2,-78.62691,35.860336,6457661,2,1384,274
31,SINGLE_FAMILY,1.1,27539,309500,,-78.737206,35.656326,6459128,2,1406,275
32,MULTI_FAMILY,0.3,27529,355000,6,-78.62259,35.68515,6462514,4,2400,276
33,MULTI_FAMILY,0.139990817,27529,345000,6,-78.62232,35.68514,6462515,4,2400,277
34,SINGLE_FAMILY,0.059986226,27609,165000,,-78.61015,35.866314,6473487,2.5,1424,278
35,SINGLE_FAMILY,0.26,27609,410000,4,-78.617165,35.867477,6473501,2,1988,279
36,SINGLE_FAMILY,0.14,27616,233500,2,-78.56509,35.878967,6493505,2,1048,280
37,SINGLE_FAMILY,1.46,27520,375000,3,-78.49488,35.68799,6494229,2,1759,281
38,TOWNHOUSE,0.1,27612,465000,2,-78.68811,35.826893,6503461,3,1720,282
39,LOT,1.87,27615,160000,,-78.61357,35.91101,6508272,,,283
0,SINGLE_FAMILY,0.2,27518,595000,3,-78.77793,35.726376,6494865,3,2359,284
1,SINGLE_FAMILY,0.15,27613,600000,3,-78.68292,35.907253,6495465,3,2100,285
2,TOWNHOUSE,0.03,27615,280000,3,-78.64423,35.88415,6497880,2,1342,286
3,SINGLE_FAMILY,0.48,27540,390000,3,-78.81321,35.605827,6516949,3,1505,287
4,TOWNHOUSE,0.03,27603,285000,2,-78.681725,35.749966,6518398,2,1256,288
5,SINGLE_FAMILY,0.27,27613,525000,4,-78.7481,35.931602,6521293,3,2151,289
6,SINGLE_FAMILY,0.38,27513,555000,4,-78.83438,35.770237,6524199,3,2657,290
7,SINGLE_FAMILY,3.11,27613,540000,3,-78.69504,35.986225,6530510,3,1682,291
8,SINGLE_FAMILY,0.35,27540,430000,3,-78.870224,35.634377,65329480,3,1677,292
9,SINGLE_FAMILY,0.21,27540,385000,3,-78.87376,35.63186,65334995,3,1664,293
10,SINGLE_FAMILY,0.15,27613,600000,4,-78.73003,35.88176,65336576,3,2538,294
11,TOWNHOUSE,0.03,27540,320000,3,-78.8314,35.674156,65343766,3,1470,295
12,SINGLE_FAMILY,0.23,27612,651500,4,-78.674126,35.863113,6537177,4,2808,296
13,SINGLE_FAMILY,0.16,27519,639000,4,-78.85182,35.772327,6541584,3,2826,305
14,SINGLE_FAMILY,0.26,27615,500000,4,-78.6339,35.876705,6548664,3,2516,306
15,SINGLE_FAMILY,1.33,27529,480000,3,-78.60925,35.631886,6554537,3,2277,1
16,SINGLE_FAMILY,2.3,27587,540000,3,-78.63784,36.040905,6556555,3,2637,2
17,SINGLE_FAMILY,0.49,27592,553500,3,-78.7045,35.584106,68010873,3,2858,3
18,SINGLE_FAMILY,0.15,27603,525000,3,-78.66327,35.66946,71206653,3,2580,31
19,SINGLE_FAMILY,0.13,27614,650000,3,-78.580696,35.9249,71671668,3,2855,32
20,SINGLE_FAMILY,0.15,27526,465000,4,-78.79775,35.570625,82670433,3,2571,33
21,TOWNHOUSE,0.03,27587,386000,3,-78.503975,35.97394,94722834,3,1953,34
22,SINGLE_FAMILY,0.21,27526,480000,4,-78.749626,35.572403,103764022,3,2402,35
23,SINGLE_FAMILY,0.14,27523,636000,4,-78.829865,35.756474,103767212,3,2555,36
24,SINGLE_FAMILY,0.36,27539,825000,5,-78.754654,35.660423,118203369,5,3595,37
25,SINGLE_FAMILY,0.7,27526,850000,4,-78.756996,35.64018,118509260,4,3614,38
26,SINGLE_FAMILY,0.14,27526,412000,4,-78.80787,35.578606,119340803,3,1801,39
27,SINGLE_FAMILY,0.29,27571,695000,5,-78.474525,35.936413,120560818,4,2968,40
28,SINGLE_FAMILY,0.22,27540,676000,5,-78.856445,35.66945,122278706,4,3673,41
29,LOT,4.709986226,27617,860000,,-78.74555,35.905018,122279278,,,42
30,SINGLE_FAMILY,0.229981635,27523,469000,,-78.832306,35.76099,124269055,2.5,2410,43
31,CONDO,0,27540,265000,2,-78.8098,35.658375,131707981,2,922,44
32,SINGLE_FAMILY,,27511,195000,,-78.791016,35.75844,132145026,,704,45
33,TOWNHOUSE,0,27605,440000,2,-78.650215,35.796078,132219996,3,1081,46
34,LOT,14.35998623,27540,9238000,,-78.8548,35.64895,132343081,,,47
35,LOT,2.819995409,27616,1350000,,-78.58661,35.8692,133218022,0,1056,162
36,SINGLE_FAMILY,0.609986226,27603,1730000,,-78.646484,35.74629,133703478,1.5,1158,163
37,SINGLE_FAMILY,0.21,27540,721438,4,,,2062395453,3,2883,164
38,LOT,5.16,27529,600000,,-78.592705,35.659073,215487353,,,165
39,SINGLE_FAMILY,0.32,27526,855000,6,-78.80348,35.627563,248750513,6,4324,212
0,SINGLE_FAMILY,0.27,27529,215000,3,-78.61207,35.708176,89496199,2,1479,213
1,TOWNHOUSE,0.06,27519,450000,3,-78.87034,35.814518,94722862,3,1734,214
2,SINGLE_FAMILY,0.13,27526,480000,4,-78.74931,35.572327,103766721,3,2458,231
3,SINGLE_FAMILY,0.2,27545,450000,5,-78.483925,35.81179,113223164,3,3272,232
4,SINGLE_FAMILY,0.09,27519,735000,4,-78.90761,35.83186,119341445,4,2830,252
5,SINGLE_FAMILY,1.84,27587,1325000,5,-78.59817,35.97507,122275353,5,4907,253
6,SINGLE_FAMILY,0.16,27616,440000,3,-78.52182,35.867256,124269266,3,2222,254
7,CONDO,0,27513,249000,2,-78.78544,35.812057,132150616,1,966,255
8,SINGLE_FAMILY,0.34,27612,1218226,5,-78.68643,35.866817,132196920,4,3968,256
9,TOWNHOUSE,0,27608,415000,2,-78.62213,35.812546,132249072,3,1675,257
10,SINGLE_FAMILY,0.17,27540,771000,5,-78.82883,35.627373,133700166,5,4018,258
11,SINGLE_FAMILY,0.19,27616,625062,5,,,2062686194,4,2949,270
12,CONDO,0,27615,313000,2,,,2063071896,3,1200,271
13,SINGLE_FAMILY,0.1,27587,470000,4,,,2063420865,3,2202,272
14,SINGLE_FAMILY,0.387,27502,1286064,6,,,2064337331,6,5273,273
15,SINGLE_FAMILY,0.22,27526,526750,3,,,2065511707,3,2632,274
16,SINGLE_FAMILY,0.17,27526,478315,4,,,2065512005,3,2170,275
17,TOWNHOUSE,0.05,27523,429268,3,,,2066801529,3,1934,276
18,SINGLE_FAMILY,0.37,27562,878900,4,,,2067714013,4,3836,277
19,TOWNHOUSE,0.03,27616,367335,3,,,2067754448,4,1720,278
20,TOWNHOUSE,0.06,27591,390000,3,-78.42578,35.763306,248747795,3,1664,279
21,TOWNHOUSE,0.05,27502,407100,3,-78.88433,35.74343,305125109,3,1536,280
22,TOWNHOUSE,0.03,27587,326000,3,-78.54621,35.913147,305126317,3,1553,281
23,SINGLE_FAMILY,0.129981635,27526,2000,3,-78.8086,35.58932,331658209,2.5,1979,282
24,SINGLE_FAMILY,0.76,27592,365000,4,-78.698395,35.543274,336866249,3,2136,283
25,SINGLE_FAMILY,0.14,27591,537802,2,-78.423935,35.757576,336867168,2,1835,284
26,SINGLE_FAMILY,0.15,27603,410000,3,-78.68167,35.74852,50116685,3,1503,285
27,SINGLE_FAMILY,0.63,27539,635000,4,-78.73207,35.68814,53455387,4,2745,286
28,SINGLE_FAMILY,0.25,27604,437000,3,-78.55934,35.81014,60397986,2,1997,287
29,TOWNHOUSE,0.1,27616,300300,3,-78.54296,35.893787,60398433,3,1410,288
30,SINGLE_FAMILY,0.68,27540,865000,4,-78.79597,35.64932,60531807,4,4518,289
31,SINGLE_FAMILY,0.15,27604,385000,2,-78.6263,35.796707,6378236,1,827,290
32,SINGLE_FAMILY,0.39,27607,650000,4,-78.678764,35.82185,6413084,3,3842,291
33,LOT,0.22,27597,80000,,-78.320145,35.82348,6414069,,,292
34,SINGLE_FAMILY,0.129981635,27526,2000,3,-78.8086,35.58911,6420223,2.5,1979,293
35,SINGLE_FAMILY,0.47,27610,270000,3,-78.54389,35.761726,6421807,2,1260,294
36,SINGLE_FAMILY,0.38,27529,300000,3,-78.61576,35.70054,6436445,2,1135,295
37,SINGLE_FAMILY,1.59,27591,450000,4,-78.41844,35.77708,6457276,3,1865,296
38,SINGLE_FAMILY,1.11,27613,835711,4,-78.70804,35.92042,6476608,3,3236,305
39,TOWNHOUSE,0.06,27615,351500,2,-78.63754,35.892475,6485894,3,1647,306
0,SINGLE_FAMILY,0.259986226,27511,871800,3,-78.78723,35.785007,6418834,3,2671,1
1,SINGLE_FAMILY,0.21,27605,700000,4,-78.646065,35.791534,6428518,4,2329,2
2,SINGLE_FAMILY,0.23,27607,520000,2,-78.674034,35.797855,6430383,2,1461,3
3,TOWNHOUSE,0.04,27511,340000,3,-78.762314,35.76809,6445317,3,1582,31
4,SINGLE_FAMILY,0.18,27615,405000,3,-78.652794,35.878677,6449733,2,1180,32
5,SINGLE_FAMILY,2.37,27612,920000,4,-78.72647,35.856934,6455224,5,2739,33
6,SINGLE_FAMILY,0.3,27513,460000,4,-78.81128,35.783253,6489427,4,1886,34
7,SINGLE_FAMILY,1.16,27526,425000,3,-78.7889,35.629604,6499178,3,2106,35
8,SINGLE_FAMILY,1.08,27591,535000,3,-78.40834,35.75031,6500023,2,2675,36
9,SINGLE_FAMILY,1.21,27539,599000,3,-78.80038,35.690655,6513227,3,2581,37
10,SINGLE_FAMILY,0.92,27539,635000,4,-78.79291,35.687923,6520117,3,2951,38
11,SINGLE_FAMILY,0.23,27545,465000,4,-78.513245,35.788654,6522355,3,2203,39
12,SINGLE_FAMILY,0.29,27612,551000,3,-78.6713,35.86447,6523406,3,2334,40
13,SINGLE_FAMILY,0.27,27518,600000,5,-78.77798,35.716393,6523906,3,2703,41
14,SINGLE_FAMILY,5.28,27614,4100000,4,-78.60324,35.934372,6524853,9,12178,42
15,SINGLE_FAMILY,0.13,27616,395000,3,-78.50707,35.888165,65337851,3,1744,43
16,SINGLE_FAMILY,0.3,27519,1080000,6,-78.91185,35.814068,65339221,6,4249,44
17,TOWNHOUSE,0.04,27612,450000,3,-78.702965,35.826485,65341578,4,2103,45
18,SINGLE_FAMILY,0.37,27540,750000,4,-78.821686,35.66071,65341875,3,2857,46
19,SINGLE_FAMILY,0.23,27526,455000,3,-78.78209,35.606136,65343224,3,2411,47
20,SINGLE_FAMILY,0.49,27616,445000,2,-78.563515,35.858032,65344832,2,2354,162
21,SINGLE_FAMILY,0.17,27610,405000,3,-78.55848,35.75762,65345089,3,2273,163
22,SINGLE_FAMILY,0.22,27529,391000,3,-78.605255,35.691833,6538142,3,2145,164
23,SINGLE_FAMILY,0.22,27612,700000,4,-78.67501,35.867184,6549295,3,2737,165
24,SINGLE_FAMILY,0.47,27518,558000,3,-78.78176,35.714638,6549573,2,1915,212
25,TOWNHOUSE,0.07,27615,350000,3,-78.586044,35.897736,6550890,3,1846,213
26,SINGLE_FAMILY,0.19,27587,287700,2,-78.504,35.97777,6555602,2,892,214
27,SINGLE_FAMILY,0.5,27587,388000,3,-78.52886,35.939133,6556962,2,1644,231
28,SINGLE_FAMILY,0.23,27540,452000,4,-78.82176,35.644897,67553096,3,1811,232
29,SINGLE_FAMILY,0.31,27587,830000,4,-78.49409,35.957222,67553637,4,3480,252
30,SINGLE_FAMILY,0.22,27519,880000,4,-78.86789,35.818665,67554152,4,3186,253
31,TOWNHOUSE,0.05,27612,478000,3,-78.70125,35.826195,67554945,4,2562,254
32,TOWNHOUSE,0.03,27513,325000,3,-78.78808,35.79339,67555520,3,1392,255
33,SINGLE_FAMILY,0.14,27540,450000,4,-78.84185,35.633255,67558557,3,2736,256
34,SINGLE_FAMILY,0.2,27529,435000,4,-78.5923,35.670536,69566579,3,3514,257
35,SINGLE_FAMILY,0.47,27617,1200000,4,-78.80355,35.909958,70394619,4,4699,258
36,SINGLE_FAMILY,0.28,27529,585000,4,-78.59463,35.67366,71207530,4,3011,270
37,SINGLE_FAMILY,0.15,27610,370000,5,-78.564606,35.75542,71843914,3,2034,271
38,SINGLE_FAMILY,0.25,27587,742000,7,-78.511185,35.91391,71845172,6,5653,272
39,SINGLE_FAMILY,0.13,27540,425000,4,-78.81704,35.613434,80205750,3,2601,273
0,SINGLE_FAMILY,0.21,27529,655000,4,,,2065797946,4,3358,274
1,SINGLE_FAMILY,0.19,27616,652932,4,,,2066797428,3,2426,275
2,SINGLE_FAMILY,0.19,27540,628413,4,,,2067805081,4,3257,276
3,SINGLE_FAMILY,0.2,27519,953990,6,,,2068498386,6,3968,277
4,TOWNHOUSE,0.058,27560,508680,3,,,2068578521,3,1835,278
5,SINGLE_FAMILY,0.214,27587,627364,3,,,2068747428,3,2622,279
6,CONDO,0,27604,340000,2,-78.612854,35.818844,215487403,3,1260,280
7,SINGLE_FAMILY,0.198,27540,660000,4,-78.87134,35.659725,215487651,3,2698,281
8,SINGLE_FAMILY,0.3,27529,530000,5,-78.62574,35.65156,215490907,4,2989,282
9,TOWNHOUSE,0.04,27610,322500,3,-78.55558,35.76063,215491537,3,1645,283
10,SINGLE_FAMILY,0.41,27571,830000,4,-78.46973,35.92912,215492192,5,2862,284
11,SINGLE_FAMILY,0.13,27587,570000,4,-78.51207,35.956295,215492914,4,2885,285
12,TOWNHOUSE,0.04,27587,350000,3,-78.48818,35.97954,215493452,3,1656,286
13,TOWNHOUSE,0.06,27502,528000,4,-78.88546,35.74184,246654745,4,2478,287
14,SINGLE_FAMILY,0.25,27502,850482,5,-78.92806,35.724854,248747665,5,4000,288
15,SINGLE_FAMILY,0.24,27519,865000,4,-78.876976,35.798584,248750674,3,3032,289
16,SINGLE_FAMILY,0.226,27526,575000,4,-78.79674,35.62894,248750984,3,2372,290
17,TOWNHOUSE,0.004,27591,359500,3,-78.42674,35.760624,248754689,3,1700,291
18,TOWNHOUSE,0.08,27526,410000,3,-78.78711,35.580933,305116238,3,2101,292
19,SINGLE_FAMILY,0.33,27519,1060000,5,-78.89549,35.834824,305126320,4,4116,293
20,SINGLE_FAMILY,0.95,27615,1317914,4,-78.677216,35.943882,305126398,5,4315,294
21,SINGLE_FAMILY,0.15,27502,620000,3,-78.94393,35.73636,331648969,3,2158,295
22,SINGLE_FAMILY,1.7,27615,1862658,4,-78.67739,35.921043,336860821,7,4897,296
23,SINGLE_FAMILY,0.68,27603,725000,3,-78.67515,35.60635,336866222,3,2579,305
24,SINGLE_FAMILY,0.17,27502,704694,5,-78.91292,35.732384,336867121,5,3511,306
25,SINGLE_FAMILY,0.69,27610,685000,3,-78.607124,35.780094,50096919,3,2822,1
26,SINGLE_FAMILY,0.18,27615,455000,3,-78.6085,35.868313,50099898,3,2065,2
27,SINGLE_FAMILY,0.36,27529,465000,3,-78.6179,35.651985,50120835,3,2848,3
28,SINGLE_FAMILY,0.17,27526,390000,3,-78.7915,35.608925,53460511,2,1565,31
29,TOWNHOUSE,0.05,27606,340000,2,-78.716866,35.751827,53461900,3,1475,32
30,SINGLE_FAMILY,0.22,27604,480000,4,-78.55571,35.814686,60397993,3,2524,33
31,SINGLE_FAMILY,1.01,27539,775000,4,-78.74516,35.686287,60534172,4,3349,34
32,SINGLE_FAMILY,0.49,27609,881000,4,-78.62581,35.82118,6376000,3,2460,35
33,SINGLE_FAMILY,0.29,27610,310000,3,-78.62295,35.751682,6378948,1,1011,36
34,SINGLE_FAMILY,0.25,27604,367728,3,-78.600235,35.826317,6380835,2,1823,37
35,SINGLE_FAMILY,0.51,27606,355001,3,-78.721924,35.779205,6383582,2,1178,38
36,SINGLE_FAMILY,0.31,27608,1685000,4,-78.65047,35.799664,6401881,5,4669,39
37,SINGLE_FAMILY,0.14,27601,920000,3,-78.631035,35.783848,6403324,2,2423,40
38,SINGLE_FAMILY,0.3,27609,475000,3,-78.63717,35.84992,6406882,2,1933,41
39,SINGLE_FAMILY,0.27,27607,1525000,4,-78.67566,35.81112,6417057,4,4004,42
0,SINGLE_FAMILY,0.7,27592,380000,3,-78.68457,35.591465,68317447,3,1689,43
1,SINGLE_FAMILY,0.089990817,27526,1795,2,-78.797195,35.576813,69567152,1.5,1149,44
2,SINGLE_FAMILY,0.49,27540,437000,3,-78.822014,35.64515,71842673,3,1961,45
3,TOWNHOUSE,0.039990817,27519,2050,3,-78.903465,35.81805,79883528,2.5,1895,46
4,SINGLE_FAMILY,0.28,27539,750000,4,-78.75921,35.65545,81435502,4,3130,47
5,TOWNHOUSE,0.03,27519,417000,3,-78.90382,35.81828,81436576,3,1900,162
6,TOWNHOUSE,0.4,27519,425000,3,-78.91384,35.8255,83955919,3,1737,163
7,SINGLE_FAMILY,0.71,27529,464900,3,-78.53602,35.65412,88951385,3,2584,164
8,TOWNHOUSE,0.03,27519,395000,3,-78.89701,35.82648,89500295,4,1860,165
9,SINGLE_FAMILY,0.14,27616,380000,2,-78.51096,35.897945,111573611,2,1845,212
10,TOWNHOUSE,0.12,27587,430000,3,-78.49348,35.96533,114204799,3,1967,213
11,SINGLE_FAMILY,0.13,27616,440000,4,-78.51711,35.86713,114314886,3,2440,214
12,SINGLE_FAMILY,0.169995409,27526,2295,3,-78.77093,35.58796,116230574,2.5,2117,231
13,TOWNHOUSE,0.01,27610,292000,3,-78.54464,35.77586,119340802,3,1692,232
14,SINGLE_FAMILY,0.25,27587,675000,4,-78.501,35.962727,119341237,4,2849,252
15,SINGLE_FAMILY,0.21,27587,625000,4,-78.48701,35.94148,120874437,4,2741,253
16,SINGLE_FAMILY,0.14,27502,456250,3,-78.85261,35.725338,122067190,3,1819,254
17,SINGLE_FAMILY,0.23,27613,785000,4,-78.71117,35.866283,122142882,4,3373,255
18,SINGLE_FAMILY,0.2,27540,805109,4,-78.776024,35.655872,122276797,3,2861,256
19,SINGLE_FAMILY,0.08,27502,615000,4,-78.84033,35.732754,122280086,3,2405,257
20,TOWNHOUSE,0.05,27606,395000,4,-78.73339,35.74627,125167277,3,2337,258
21,LOT,0.2,27526,80850,,-78.77915,35.606064,131712219,,,270
22,CONDO,0,27603,248800,3,-78.68429,35.750446,132183632,2,1192,271
23,CONDO,0,27607,270000,3,-78.69288,35.813587,132191228,2,990,272
24,CONDO,0,27605,400000,2,-78.65266,35.79426,132219736,2,1082,273
25,CONDO,0,27603,300000,1,-78.64522,35.785202,132221325,1,734,274
26,CONDO,0,27615,170000,2,-78.64548,35.875004,132231147,2,1008,275
27,SINGLE_FAMILY,0.32,27616,523500,4,-78.497345,35.850533,132301128,3,3223,276
28,SINGLE_FAMILY,0.27,27571,500000,5,-78.462395,35.929672,132314013,3,2501,277
29,SINGLE_FAMILY,0.19,27587,444000,3,-78.50221,35.999336,132335256,2,1656,278
30,LOT,0.2,27526,80850,,-78.779785,35.60592,132344759,,,279
31,LOT,0.2,27526,80850,,-78.77947,35.60599,132344761,,,280
32,SINGLE_FAMILY,0.8,27603,830000,4,-78.69663,35.643284,132346825,4,3540,281
33,SINGLE_FAMILY,1.15,27597,440000,3,-78.33526,35.79413,133226317,3,3427,282
34,SINGLE_FAMILY,0.699,27597,545000,3,,,2062924045,3,2496,283
35,TOWNHOUSE,,27502,2395,4,-78.92465,35.735104,2062985968,3.5,2145,284
36,SINGLE_FAMILY,0.147,27610,545850,3,,,2063063038,3,2082,285
37,SINGLE_FAMILY,0.08,27591,415000,3,,,2063269516,3,1718,286
38,SINGLE_FAMILY,0.14,27616,619990,4,,,2064172868,3,2730,287
39,TOWNHOUSE,0.03,27545,408561,3,,,2065558988,4,2354,288
0,SINGLE_FAMILY,0.69,27603,440000,4,-78.65046,35.64561,60396561,3,2491,289
1,SINGLE_FAMILY,0.72,27587,665000,3,-78.54815,36.02089,60399282,3,2859,290
2,TOWNHOUSE,0.05,27614,305000,3,-78.56809,35.921425,60537327,3,1509,291
3,TOWNHOUSE,0.04,27604,209000,2,-78.54144,35.81363,62038343,2,918,292
4,SINGLE_FAMILY,0.65,27612,739000,4,-78.66999,35.875107,6382246,3,3411,293
5,SINGLE_FAMILY,0.94,27604,594450,4,-78.55879,35.828213,6391515,3,3835,294
6,SINGLE_FAMILY,1.06,27592,237500,3,-78.70883,35.558064,6392733,3,2393,295
7,SINGLE_FAMILY,0.7,27529,335000,3,-78.623566,35.725372,6394553,2,1206,296
8,SINGLE_FAMILY,1.06,27615,900000,4,-78.64864,35.918125,6396232,5,3837,305
9,LOT,0.58,27591,59000,,-78.45669,35.868195,6404051,,,306
10,SINGLE_FAMILY,0.55,27607,1700000,5,-78.67266,35.813557,6404741,5,4551,1
11,SINGLE_FAMILY,0.42,27529,320000,3,-78.62115,35.703003,6406651,2,1557,2
12,SINGLE_FAMILY,0.45,27615,2737500,4,-78.61613,35.874184,6417512,5,5975,3
13,SINGLE_FAMILY,0.35,27511,410000,4,-78.80602,35.765884,6436391,2,2008,31
14,SINGLE_FAMILY,0.52,27603,246000,2,-78.65618,35.709034,6437388,1,950,32
15,SINGLE_FAMILY,0.76,27616,475000,3,-78.55648,35.858665,6439443,3,2079,33
16,SINGLE_FAMILY,0.96,27606,590600,4,-78.75055,35.725548,6456958,3,2434,34
17,LOT,0.82,27539,77000,,-78.78687,35.667484,6457647,,,35
18,SINGLE_FAMILY,1.14,27615,825000,4,-78.64634,35.902496,6470707,3,3619,36
19,SINGLE_FAMILY,1.3,27614,681000,5,-78.6522,35.931522,6474007,5,2172,37
20,SINGLE_FAMILY,0.31,27610,360000,4,-78.60598,35.740902,6480259,3,2084,38
21,SINGLE_FAMILY,0.22,27513,350000,3,-78.77287,35.798462,6481893,3,1467,39
22,SINGLE_FAMILY,0.84,27615,745000,4,-78.67146,35.89107,6483229,3,2611,40
23,CONDO,0.04,27604,262000,2,-78.582886,35.842186,6487490,2,1065,41
24,TOWNHOUSE,0.06,27615,305000,2,-78.64771,35.872932,6489983,2,1153,42
25,SINGLE_FAMILY,0.15,27511,430000,3,-78.80102,35.76664,6497766,3,1458,43
26,TOWNHOUSE,0.06,27615,310000,2,-78.64615,35.873455,6498988,2,1167,44
27,TOWNHOUSE,0.04,27502,365000,3,-78.831764,35.73865,6505072,3,1615,45
28,SINGLE_FAMILY,0.24,27539,355000,3,-78.73542,35.642754,6506800,2,1220,46
29,SINGLE_FAMILY,0.2,27513,593000,3,-78.82679,35.77276,6513073,3,2319,47
30,SINGLE_FAMILY,1.89,27587,725000,4,-78.56259,35.977215,6514454,5,3528,162
31,SINGLE_FAMILY,0.18,27613,425000,3,-78.746056,35.93021,6520595,3,1573,163
32,SINGLE_FAMILY,0.56,27615,1010000,5,-78.63151,35.898766,6525457,5,4511,164
33,SINGLE_FAMILY,0.33,27540,775000,4,-78.78553,35.658554,65335878,4,3060,165
34,SINGLE_FAMILY,0.88,27526,599900,3,-78.8305,35.604584,65338867,3,2217,212
35,SINGLE_FAMILY,0.54,27587,600000,4,-78.522575,35.913113,6549100,3,2454,213
36,SINGLE_FAMILY,0.25,27603,500000,4,-78.66954,35.741707,6555094,3,2037,214
37,SINGLE_FAMILY,0.54,27617,1319000,6,-78.801315,35.91583,67554648,7,6481,231
38,TOWNHOUSE,0.09,27617,490000,4,-78.73599,35.91646,67557232,3,2043,232
39,SINGLE_FAMILY,0.129981635,27616,2100,4,-78.50725,35.89262,67558120,3,1998,252
0,SINGLE_FAMILY,0.35,27587,390000,3,-78.465294,35.951565,6538907,3,1526,253
1,SINGLE_FAMILY,0.19,27502,515900,3,-78.85128,35.734203,6543312,3,2028,254
2,SINGLE_FAMILY,0.21,27529,325000,3,-78.60908,35.71884,6561177,2,1295,255
3,TOWNHOUSE,0.01,27612,410000,3,-78.739975,35.879017,6565279,3,2026,256
4,SINGLE_FAMILY,0.34,27587,625000,5,-78.52834,35.936184,67557981,4,4214,257
5,TOWNHOUSE,0.06,27612,441000,3,-78.71959,35.859844,68320477,3,1860,258
6,TOWNHOUSE,0.05,27560,620000,3,-78.82574,35.80728,69563224,4,2866,270
7,TOWNHOUSE,0.03,27614,355000,3,-78.55886,35.92245,69565980,3,1728,271
8,SINGLE_FAMILY,0.18,27545,405000,4,-78.50233,35.781654,81436565,3,2627,272
9,SINGLE_FAMILY,0.14,27539,562920,4,-78.827,35.691307,83893794,3,2545,273
10,SINGLE_FAMILY,0.11,27502,660000,3,-78.842575,35.74621,89494954,3,2680,274
11,SINGLE_FAMILY,0.21,27587,610000,4,-78.5035,35.956623,89501055,3,2881,275
12,SINGLE_FAMILY,0.21,27540,540000,4,-78.876595,35.6346,94723418,3,3041,276
13,SINGLE_FAMILY,0.119995409,27610,2199,3,-78.61614,35.73328,102755376,2.5,1679,277
14,TOWNHOUSE,0.08,27519,470000,3,-78.90013,35.8045,122060381,3,1909,278
15,SINGLE_FAMILY,0.15,27502,692000,4,-78.9036,35.733814,122060746,3,2900,279
16,SINGLE_FAMILY,1.7,27526,1150000,4,-78.780396,35.64107,122282448,4,4058,280
17,SINGLE_FAMILY,0.205,27591,535000,3,-78.41908,35.768047,125165793,3,2544,281
18,SINGLE_FAMILY,0.38,27526,555000,5,-78.779976,35.567932,125166122,3,3210,282
19,CONDO,0,27617,385000,3,-78.79734,35.898945,132151769,3,1972,283
20,CONDO,0,27615,301000,2,-78.65041,35.891296,132228607,2,1280,284
21,CONDO,0,27609,290000,2,-78.605896,35.85138,132251074,2,1021,285
22,SINGLE_FAMILY,0.39,27529,490000,4,-78.580315,35.670673,133206470,3,2455,286
23,SINGLE_FAMILY,0.15,27610,460000,4,-78.58639,35.751366,133216025,3,2549,287
24,SINGLE_FAMILY,0.19,27540,520300,5,-78.83127,35.654118,133699034,3,2657,288
25,TOWNHOUSE,0.04,27587,391288,3,-78.48974,35.9787,133705556,3,1634,289
26,SINGLE_FAMILY,0.453,27587,900000,5,,,2062789206,4,4496,290
27,CONDO,0,27518,293000,3,,,2063074602,2,1325,291
28,SINGLE_FAMILY,0.184,27529,542000,4,,,2064233045,3,2417,292
29,CONDO,0,27511,224921,2,-78.79274,35.75751,2079468496,1,729,293
30,SINGLE_FAMILY,0.15,27603,530000,4,,,2090244978,3,2707,294
31,TOWNHOUSE,0,27606,395000,3,-78.73137,35.748116,215486016,3,2039,295
32,SINGLE_FAMILY,0.25,27502,905000,4,-78.921524,35.708138,248747620,4,3135,296
33,SINGLE_FAMILY,0.12,27591,500000,3,-78.427765,35.76075,248754407,3,2375,305
34,SINGLE_FAMILY,0.029981635,27511,5995,3,-78.779205,35.78522,331656744,3.5,2956,306
35,SINGLE_FAMILY,0.178,27610,590000,3,-78.548035,35.698895,336865616,3,2742,1
36,LOT,0.229981635,27612,950124,,-78.71969,35.83138,336867486,,,2
37,CONDO,0,27617,490000,2,-78.79531,35.899715,336868062,2,1734,3
38,SINGLE_FAMILY,0.34,27529,500000,4,-78.61647,35.653008,50120821,3,3115,31
39,SINGLE_FAMILY,0.46,27603,334200,3,-78.6621,35.634064,53457969,2,1369,32
0,TOWNHOUSE,0.11,27519,570000,4,-78.89744,35.819576,215485561,3,2335,33
1,SINGLE_FAMILY,0.29,27539,756470,4,-78.8185,35.674004,248741753,3,2990,34
2,SINGLE_FAMILY,0.15,27616,470000,4,-78.512054,35.90357,248748569,3,2464,35
3,SINGLE_FAMILY,0.18,27587,635000,5,-78.51681,35.957382,248753189,5,3208,36
4,SINGLE_FAMILY,0.23,27526,650000,4,-78.77348,35.61628,248756578,4,2992,37
5,SINGLE_FAMILY,0.69,27540,695000,4,-78.86159,35.572075,305116516,4,3110,38
6,SINGLE_FAMILY,0.211,27545,591591,5,-78.46085,35.798985,305116978,4,3427,39
7,SINGLE_FAMILY,0.59,27562,1280000,5,-78.952835,35.68283,305118133,5,3944,40
8,TOWNHOUSE,0.02,27607,575000,4,-78.73778,35.80439,305125825,4,2157,41
9,SINGLE_FAMILY,0.15,27502,615000,3,-78.94407,35.735893,331648955,3,2160,42
10,TOWNHOUSE,0.03,27511,1300000,3,-78.77912,35.78522,331657087,4,2471,43
11,SINGLE_FAMILY,0.19,27615,585000,3,-78.65863,35.87995,50106368,2,2000,44
12,SINGLE_FAMILY,0.24,27502,550000,4,-78.90827,35.73458,50118534,3,2325,45
13,TOWNHOUSE,0.13,27540,395000,3,-78.79356,35.656796,50120685,3,2056,46
14,MANUFACTURED,1,27526,160000,3,-78.76829,35.542942,53460324,2,2280,47
15,SINGLE_FAMILY,1.08,27603,462000,3,-78.69256,35.64936,53460676,3,1540,162
16,TOWNHOUSE,0.14,27614,390000,3,-78.56276,35.936684,60537201,2,1462,163
17,SINGLE_FAMILY,0.19,27587,299500,3,-78.49837,35.988712,6375657,1,1345,164
18,SINGLE_FAMILY,0.12,27601,1160000,3,-78.63027,35.78334,6401045,3,2456,165
19,SINGLE_FAMILY,0.3,27511,1250000,4,-78.7896,35.785656,6405219,4,3566,212
20,SINGLE_FAMILY,0.33,27608,736842,3,-78.63664,35.812317,6429732,3,2201,213
21,SINGLE_FAMILY,0.51,27529,435000,4,-78.59722,35.693054,6437120,3,2500,214
22,SINGLE_FAMILY,0.3,27513,435000,4,-78.7827,35.798103,6442438,3,2067,231
23,SINGLE_FAMILY,1.36,27615,860000,4,-78.67654,35.90884,6451530,3,3153,232
24,TOWNHOUSE,0.02,27612,265000,2,-78.664856,35.85637,6458696,2,1400,252
25,TOWNHOUSE,0.03,27615,320000,2,-78.64029,35.878826,6473394,3,1344,253
26,TOWNHOUSE,0.03,27612,321500,2,-78.71031,35.852673,6491813,3,1271,254
27,SINGLE_FAMILY,0.29,27545,350000,3,-78.48546,35.788887,6492316,3,1321,255
28,SINGLE_FAMILY,0.29,27613,572500,4,-78.71604,35.879322,6493305,3,2354,256
29,SINGLE_FAMILY,0.73,27526,405000,3,-78.75257,35.63166,6494275,3,1834,257
30,TOWNHOUSE,0.03,27612,305000,2,-78.71758,35.836277,6504799,3,1224,258
31,SINGLE_FAMILY,0.1,27513,635000,3,-78.83991,35.797775,6506602,3,2181,270
32,SINGLE_FAMILY,0.3,27513,550000,3,-78.83127,35.77472,6510829,3,2248,271
33,SINGLE_FAMILY,0.17,27616,455000,4,-78.526245,35.880825,6520425,3,2083,272
34,SINGLE_FAMILY,0.7,27526,525000,3,-78.73934,35.630238,6531678,3,2014,273
35,SINGLE_FAMILY,0.22,27616,385000,4,-78.570564,35.85568,65332468,3,1800,274
36,SINGLE_FAMILY,0.31,27606,685000,5,-78.71032,35.770966,65335232,3,2880,275
37,SINGLE_FAMILY,0.19,27519,481000,3,-78.86179,35.774197,6533787,3,1945,276
38,SINGLE_FAMILY,0.18,27571,411000,3,-78.466866,35.911892,65341020,3,2134,277
39,SINGLE_FAMILY,0.19,27519,620000,3,-78.86214,35.772884,6534606,3,2257,278
0,SINGLE_FAMILY,0.84,27612,717500,4,-78.69327,35.83742,6414813,3,2678,279
1,SINGLE_FAMILY,0.74,27615,380000,4,-78.60064,35.865604,6416622,2,3449,280
2,SINGLE_FAMILY,0.25,27604,350000,3,-78.615364,35.80195,6427115,1,1080,281
3,SINGLE_FAMILY,0.35,27511,390000,4,-78.75185,35.775036,6432274,3,2603,282
4,SINGLE_FAMILY,0.34,27529,360000,3,-78.63839,35.70566,6456742,2,1492,283
5,SINGLE_FAMILY,0.1,27518,545000,3,-78.77357,35.730446,6486789,3,2776,284
6,TOWNHOUSE,0.03,27615,280000,2,-78.64271,35.8828,6486842,2,1220,285
7,TOWNHOUSE,0.04,27511,300000,2,-78.79759,35.77725,6490908,3,1224,286
8,SINGLE_FAMILY,0.17,27513,415000,3,-78.7932,35.81361,6496545,3,1825,287
9,SINGLE_FAMILY,0.18,27513,460500,3,-78.777954,35.80053,6501268,3,1901,288
10,SINGLE_FAMILY,0.24,27545,360000,3,-78.45313,35.768948,65333853,2,1406,289
11,SINGLE_FAMILY,0.29,27540,400000,2,-78.872086,35.632465,65335678,3,1626,290
12,LOT,4.9,27529,600000,,-78.541595,35.70694,65344949,,,291
13,SINGLE_FAMILY,0.26,27613,460000,3,-78.740234,35.92454,6540974,3,1991,292
14,SINGLE_FAMILY,0.28,27519,626750,4,-78.86636,35.767292,6557538,3,2222,293
15,SINGLE_FAMILY,0.21,27518,700000,4,-78.7574,35.743347,6562330,3,3439,294
16,TOWNHOUSE,0.04,27519,415500,2,-78.91229,35.82379,68320764,3,1756,295
17,SINGLE_FAMILY,0.35,27587,470000,4,-78.47938,35.960285,69566800,3,2205,296
18,TOWNHOUSE,0.04,27606,317500,3,-78.71231,35.78791,70488014,3,1500,305
19,SINGLE_FAMILY,0.4,27539,885000,4,-78.76011,35.655857,79886775,3,3727,306
20,SINGLE_FAMILY,0.16,27529,337000,3,-78.62136,35.720413,80208056,2,1375,1
21,TOWNHOUSE,0.06,27617,400000,3,-78.74219,35.88891,81436000,3,1776,2
22,SINGLE_FAMILY,0.2,27526,415000,3,-78.809135,35.573994,81761989,3,2303,3
23,SINGLE_FAMILY,1.05,27610,375000,3,-78.501114,35.743103,88948003,2,1500,31
24,TOWNHOUSE,0.07,27519,484500,3,-78.91285,35.825336,89496462,3,2050,32
25,TOWNHOUSE,0.07,27539,401000,4,-78.82576,35.687008,89498351,4,2153,33
26,TOWNHOUSE,0.07,27560,381000,3,-78.84745,35.851852,92420856,3,1473,34
27,SINGLE_FAMILY,0.41,27540,1625000,6,-78.87195,35.665863,122075091,6,5356,35
28,SINGLE_FAMILY,0.14,27616,450000,4,-78.5239,35.8641,125168884,3,2340,36
29,CONDO,0,27612,275000,2,-78.71629,35.835453,132171583,2,1063,37
30,TOWNHOUSE,0,27609,317000,2,-78.63442,35.830986,132222436,2,1120,38
31,TOWNHOUSE,0.03,27540,350000,3,-78.82581,35.679596,133703022,3,1724,39
32,CONDO,0,27526,322500,2,,,2062301155,2,912,40
33,CONDO,0,27526,313950,2,,,2062305258,2,912,41
34,CONDO,0,27526,325900,2,,,2062305279,2,905,42
35,SINGLE_FAMILY,0.13,27608,660000,2,,,2062891978,1,1296,43
36,SINGLE_FAMILY,,27597,380650,4,,,2064180298,3,1918,44
37,TOWNHOUSE,0.073,27523,531177,5,,,2066801551,5,2760,45
38,SINGLE_FAMILY,0.16,27591,790763,4,,,2067914804,3,3222,46
39,SINGLE_FAMILY,0.18,27616,505000,4,-78.512024,35.83769,215484338,3,2674,47
0,TOWNHOUSE,0.05,27614,395000,3,-78.57762,35.922657,69565702,3,2108,162
1,SINGLE_FAMILY,1.34,27597,330000,3,-78.28413,35.802086,71204461,2,1855,163
2,TOWNHOUSE,0.08,27560,524900,3,-78.83873,35.826103,71845606,3,2350,164
3,SINGLE_FAMILY,0.17,27540,530000,4,-78.86099,35.640095,71898894,3,2754,165
4,TOWNHOUSE,0.08,27539,470000,3,-78.75506,35.665356,80202526,3,2436,212
5,SINGLE_FAMILY,0.15,27610,406700,4,-78.545975,35.7279,81748069,3,2363,213
6,TOWNHOUSE,0.04,27519,340000,2,-78.850266,35.834618,82670046,3,1380,214
7,TOWNHOUSE,0.08,27502,375000,3,-78.82703,35.7277,82675582,3,1326,231
8,SINGLE_FAMILY,0.23,27540,655000,4,-78.87052,35.628,82677262,3,2778,232
9,SINGLE_FAMILY,0.23,27540,595000,3,-78.77705,35.657368,89498191,3,2499,252
10,TOWNHOUSE,0.03,27607,459400,2,-78.67254,35.800755,122279280,3,1467,253
11,SINGLE_FAMILY,0.16,27603,591600,4,-78.69925,35.66118,133702832,3,2893,254
12,SINGLE_FAMILY,0.15,27616,490000,4,-78.51153,35.83856,133704265,3,2671,255
13,CONDO,0,27511,275000,2,,,2062627914,2,1100,256
14,CONDO,0,27615,215000,2,,,2062663543,2,1129,257
15,SINGLE_FAMILY,0.8,27616,540000,4,,,2062911640,3,2455,258
16,SINGLE_FAMILY,0.208,27526,616787,5,,,2065559320,4,3093,270
17,SINGLE_FAMILY,4.9,27529,600000,2,,,2065716414,2,1278,271
18,SINGLE_FAMILY,0.18,27562,625000,3,,,2066391716,3,2850,272
19,SINGLE_FAMILY,0.194,27529,590000,5,,,2066573212,4,3037,273
20,SINGLE_FAMILY,0.143,27591,613000,4,,,2070237209,3,2520,274
21,CONDO,0,27540,236500,1,,,2085914259,2,755,275
22,SINGLE_FAMILY,0.61,27592,640000,4,-78.72818,35.587994,215484985,3,2610,276
23,TOWNHOUSE,0.06,27529,375000,3,-78.61199,35.689693,215486421,3,2101,277
24,SINGLE_FAMILY,0.08,27523,590000,4,-78.9186,35.737762,244488911,4,2370,278
25,SINGLE_FAMILY,6.98,27587,835000,3,-78.48509,35.87528,248751525,4,2105,279
26,TOWNHOUSE,0.05,27529,375000,3,-78.614845,35.693115,248756641,3,1618,280
27,SINGLE_FAMILY,0.44,27545,665000,4,-78.536026,35.776043,305115981,4,3945,281
28,TOWNHOUSE,0.05,27502,432500,3,-78.83607,35.72814,305118204,4,1850,282
29,SINGLE_FAMILY,1.01,27615,2072136,4,-78.67932,35.942726,305126418,5,5076,283
30,TOWNHOUSE,0.05,27616,391900,3,-78.52685,35.849674,336867720,3,1629,284
31,TOWNHOUSE,0.06,27601,801509,3,-78.627464,35.777607,336868742,4,2034,285
32,SINGLE_FAMILY,0.19,27615,675000,4,-78.67524,35.892277,50100574,3,2967,286
33,SINGLE_FAMILY,0.17,27540,505000,4,-78.86832,35.632492,50120783,3,3274,287
34,SINGLE_FAMILY,0.34,27614,750000,4,-78.56768,35.91672,53455919,4,3075,288
35,TOWNHOUSE,0.04,27612,310000,3,-78.71727,35.85357,53461051,3,1702,289
36,SINGLE_FAMILY,0.17,27604,363000,3,-78.572716,35.813545,60397136,2,1491,290
37,TOWNHOUSE,0.05,27614,415000,2,-78.59478,35.9139,60536652,3,1961,291
38,SINGLE_FAMILY,0.28,27609,470000,3,-78.64251,35.860188,6389229,2,1275,292
39,SINGLE_FAMILY,0.28,27604,305000,3,-78.59299,35.8261,6409000,3,1693,293
0,SINGLE_FAMILY,1.49,27540,850000,4,-78.857544,35.602104,305116482,4,3847,294
1,TOWNHOUSE,0.07,27502,550000,4,-78.92345,35.727276,305122766,4,2506,295
2,TOWNHOUSE,0.06,27597,317260,3,-78.28817,35.835743,336866847,3,1738,296
3,SINGLE_FAMILY,1.86,27614,900000,5,-78.611725,35.9204,50100084,6,5855,305
4,SINGLE_FAMILY,0.15,27613,510000,4,-78.72121,35.890465,50101900,3,2249,306
5,SINGLE_FAMILY,0.23,27616,475300,4,-78.559616,35.838676,50105749,3,3018,1
6,TOWNHOUSE,0.06,27612,515000,3,-78.67848,35.848267,50119315,3,2070,2
7,SINGLE_FAMILY,0.29,27610,270000,3,-78.61822,35.75222,6376032,1,1176,3
8,SINGLE_FAMILY,0.76,27529,305000,3,-78.55,35.678654,6384003,2,1144,31
9,SINGLE_FAMILY,0.16,27601,404250,3,-78.633606,35.767673,6394407,2,1187,32
10,SINGLE_FAMILY,1.67,27612,700000,4,-78.67499,35.85281,6400891,4,4510,33
11,SINGLE_FAMILY,1.38,27526,1150000,4,-78.78995,35.642624,6415507,4,5187,34
12,SINGLE_FAMILY,0.34,27608,1150000,4,-78.64061,35.816643,6417484,4,3522,35
13,SINGLE_FAMILY,0.6,27587,255000,3,-78.68861,36.00986,6422643,1,1178,36
14,SINGLE_FAMILY,0.429981635,27511,475000,3,-78.80701,35.755367,6438293,2,1811,37
15,SINGLE_FAMILY,0.94,27606,600000,3,-78.74757,35.70835,6458728,2,2025,38
16,SINGLE_FAMILY,0.17,27613,400000,3,-78.7078,35.87587,6472820,2,1466,39
17,SINGLE_FAMILY,1.33,27526,315000,3,-78.817955,35.565804,6473971,2,1329,40
18,SINGLE_FAMILY,0.36,27615,751000,4,-78.60259,35.897877,6477617,3,3196,41
19,SINGLE_FAMILY,1.69,27519,879000,4,-78.88944,35.76939,6486225,5,3144,42
20,TOWNHOUSE,0.05,27513,330000,2,-78.79276,35.794632,6486800,2,1209,43
21,SINGLE_FAMILY,0.2,27610,350000,4,-78.5476,35.75524,6493945,3,2012,44
22,SINGLE_FAMILY,0.79,27603,350000,3,-78.61957,35.616493,6504692,2,1366,45
23,SINGLE_FAMILY,0.22,27545,381000,3,-78.50957,35.78879,6505821,3,1552,46
24,SINGLE_FAMILY,0.16,27513,385000,2,-78.82739,35.7663,6508752,2,1226,47
25,SINGLE_FAMILY,0.56,27613,705000,4,-78.693085,35.888233,6513129,4,2959,162
26,SINGLE_FAMILY,0.33,27613,775000,4,-78.697395,35.885834,6517873,3,3092,163
27,SINGLE_FAMILY,0.88,27526,684000,4,-78.73844,35.627506,6532518,3,2820,164
28,SINGLE_FAMILY,0.24,27540,435000,3,-78.86994,35.63214,65329182,3,2715,165
29,SINGLE_FAMILY,0.18,27540,406801,3,-78.87092,35.634117,65329471,3,1672,212
30,SINGLE_FAMILY,0.13,27540,410000,3,-78.83129,35.66558,65341839,3,1764,213
31,TOWNHOUSE,0.04,27606,375000,2,-78.710724,35.751366,65342360,3,1324,214
32,SINGLE_FAMILY,1.89,27597,499009,4,-78.28057,35.84732,6539184,3,2913,231
33,SINGLE_FAMILY,0.3,27540,430000,3,-78.86149,35.633453,6548172,3,1765,232
34,SINGLE_FAMILY,0.27,27540,445000,5,-78.82751,35.646095,6548627,3,2108,252
35,SINGLE_FAMILY,0.214,27616,380000,3,-78.56035,35.835545,6552808,3,1656,253
36,SINGLE_FAMILY,0.22,27545,331000,3,-78.4541,35.76577,6563521,2,1230,254
37,SINGLE_FAMILY,0.15,27502,380000,3,-78.86233,35.724262,6565616,2,1150,255
38,SINGLE_FAMILY,0.29,27603,535000,3,-78.66708,35.66812,68317025,3,2400,256
39,SINGLE_FAMILY,0.39,27571,437500,4,-78.45841,35.93239,68319946,3,2477,257
0,SINGLE_FAMILY,0.24,27519,725000,4,-78.86653,35.781128,6536825,3,2287,258
1,SINGLE_FAMILY,3.95,27539,980000,5,-78.817566,35.69839,6536910,5,4437,270
2,SINGLE_FAMILY,0.21,27518,725000,5,-78.78302,35.73007,6537199,3,3386,271
3,SINGLE_FAMILY,0.43,27513,1025000,4,-78.78164,35.82488,6539156,4,4100,272
4,SINGLE_FAMILY,0.919995409,27591,80000,1,-78.41725,35.7732,6544519,1,786,273
5,SINGLE_FAMILY,0.3,27612,770000,4,-78.71342,35.824497,6549179,3,2730,274
6,SINGLE_FAMILY,0.188,27519,837000,4,-78.85257,35.76898,6558076,4,3016,275
7,SINGLE_FAMILY,0.35,27518,775000,4,-78.805466,35.711674,6560007,3,2923,276
8,SINGLE_FAMILY,1.3,27587,655000,3,-78.70187,35.993435,6564825,3,2718,277
9,TOWNHOUSE,0.03,27587,300000,2,-78.51371,35.966305,67558500,3,1380,278
10,SINGLE_FAMILY,1.65,27526,700000,4,-78.776436,35.553944,70487429,4,3293,279
11,TOWNHOUSE,0.05,27519,2350,3,-78.90361,35.84451,92415907,3,1637,280
12,TOWNHOUSE,0.04,27612,368000,2,-78.73488,35.875683,94722912,3,1695,281
13,SINGLE_FAMILY,0.633,27587,750000,4,-78.54628,36.005875,94724850,5,4272,282
14,TOWNHOUSE,0.03,27606,440000,3,-78.72845,35.747715,114329795,3,1856,283
15,SINGLE_FAMILY,0.13,27587,460000,4,-78.4659,35.96121,119341863,3,2227,1
16,SINGLE_FAMILY,0.33,27539,745000,5,-78.72857,35.6416,122278399,4,3195,2
17,TOWNHOUSE,0.1,27612,825000,3,-78.691765,35.83284,122278658,3,2559,3
18,SINGLE_FAMILY,0.34,27571,551000,4,-78.45695,35.9116,125168479,4,2908,31
19,TOWNHOUSE,0,27615,300000,2,-78.678665,35.89242,132194617,3,1167,32
20,TOWNHOUSE,0.03,27612,387500,3,-78.72409,35.869568,133201060,4,1928,33
21,SINGLE_FAMILY,1.45,27613,1520000,4,-78.714035,35.89597,133704421,6,6326,34
22,CONDO,0,27526,306850,2,,,2062301182,2,905,35
23,SINGLE_FAMILY,0.17,27526,469871,4,,,2062302140,3,2170,36
24,CONDO,0,27526,300000,2,,,2062305256,1,802,37
25,CONDO,0,27526,309500,2,,,2062305257,2,905,38
26,SINGLE_FAMILY,0.17,27591,539354,4,,,2062404031,3,2004,39
27,SINGLE_FAMILY,0.26,27502,995000,5,,,2063020859,5,4251,40
28,SINGLE_FAMILY,0.164,27529,545000,4,,,2063372258,3,2537,41
29,TOWNHOUSE,0.053,27610,391000,3,,,2065512553,3,1689,42
30,SINGLE_FAMILY,0.21,27526,663277,5,,,2065565929,5,3077,43
31,TOWNHOUSE,0.042,27608,358500,3,,,2065655835,3,1458,44
32,SINGLE_FAMILY,0.177,27529,535925,4,,,2065764235,3,2472,45
33,LOT,0.468,27608,975000,,,,2066044578,,,46
34,TOWNHOUSE,0.06,27601,800084,3,,,2066781905,4,2034,47
35,TOWNHOUSE,0.09,27597,317247,3,,,2067008184,3,1590,162
36,SINGLE_FAMILY,0.17,27540,671775,3,,,2067636102,5,3302,163
37,SINGLE_FAMILY,0.17,27545,462716,5,,,2068519665,4,2488,164
38,SINGLE_FAMILY,0.14,27591,585000,4,,,2070844459,3,2689,165
39,SINGLE_FAMILY,0.338,27502,1362500,5,-78.902054,35.706757,215488885,7,5124,212
0,SINGLE_FAMILY,1.43,27529,395000,3,-78.56694,35.664803,53460737,2,2346,213
1,SINGLE_FAMILY,0.69,27606,755000,4,-78.72148,35.745724,53461466,3,2656,214
2,SINGLE_FAMILY,0.27,27526,357000,3,-78.76697,35.583412,60393452,3,1554,231
3,SINGLE_FAMILY,0.6,27604,475000,5,-78.549355,35.813736,60398020,3,2449,232
4,SINGLE_FAMILY,0.25,27616,525000,5,-78.54201,35.891266,60398193,4,3180,252
5,SINGLE_FAMILY,0.21,27616,415000,3,-78.51211,35.881443,60398605,2,1376,253
6,SINGLE_FAMILY,0.12,27603,435000,3,-78.670105,35.744488,60535266,3,1629,254
7,MANUFACTURED,1.92,27529,240000,3,-78.55284,35.671375,60535829,2,1210,255
8,TOWNHOUSE,0.029,27610,230000,2,-78.55522,35.762882,60537796,3,1218,256
9,TOWNHOUSE,0.03,27606,223000,2,-78.724625,35.785355,62038037,3,960,257
10,SINGLE_FAMILY,0.82,27612,540000,4,-78.689186,35.85759,6376442,4,2961,258
11,SINGLE_FAMILY,0.82,27612,685000,4,-78.66489,35.87211,6391724,4,2877,270
12,SINGLE_FAMILY,1.44,27597,335000,3,-78.31766,35.872547,6392791,3,1819,271
13,SINGLE_FAMILY,1.07,27614,534000,3,-78.66118,35.932827,6396943,3,3373,272
14,SINGLE_FAMILY,0.17,27610,270000,3,-78.62216,35.768356,6398007,1,935,273
15,SINGLE_FAMILY,0.57,27511,1295000,3,-78.78644,35.74613,6399388,5,4255,274
16,SINGLE_FAMILY,0.6,27511,1475000,4,-78.78604,35.7463,6401682,4,4263,275
17,SINGLE_FAMILY,0.24,27513,902860,3,-78.7855,35.793205,6416076,4,4079,276
18,SINGLE_FAMILY,0.32,27609,770000,4,-78.62895,35.84177,6428641,3,2513,277
19,SINGLE_FAMILY,0.3,27513,395000,3,-78.80017,35.78953,6437871,2,1506,278
20,SINGLE_FAMILY,0.47,27591,210000,4,-78.38324,35.81552,6438787,2,1437,279
21,SINGLE_FAMILY,0.3,27511,475500,4,-78.767555,35.786068,6442081,3,1785,280
22,SINGLE_FAMILY,0.69,27545,310000,3,-78.45616,35.763206,6451570,1,1070,281
23,SINGLE_FAMILY,0.59,27613,730000,4,-78.722725,35.900974,6455880,3,3073,282
24,SINGLE_FAMILY,0.34,27529,350000,3,-78.63733,35.706184,6460243,2,1282,283
25,SINGLE_FAMILY,4.17,27591,525000,3,-78.41734,35.77389,6461583,2,2128,284
26,LOT,1.04,27591,525000,,-78.41625,35.775005,6471575,,,285
27,SINGLE_FAMILY,0.6,27518,735000,5,-78.770996,35.72841,6481853,3,3366,286
28,TOWNHOUSE,0.02,27511,247400,2,-78.812515,35.75668,6486447,3,1105,287
29,MANUFACTURED,11.25,27596,310000,4,-78.38298,35.93337,6499475,3,1708,288
30,TOWNHOUSE,0.05,27520,280000,3,-78.50127,35.680096,6500305,2,1430,289
31,TOWNHOUSE,0.03,27606,270000,2,-78.73364,35.78032,6504487,3,1250,290
32,SINGLE_FAMILY,0.19,27513,530000,4,-78.83053,35.772648,6508564,3,2061,291
33,SINGLE_FAMILY,0.69,27603,325000,3,-78.64309,35.61488,6509124,3,1440,292
34,MANUFACTURED,0.18,27587,80000,3,-78.5058,35.981037,6520319,2,1500,293
35,SINGLE_FAMILY,0.23,27502,362000,3,-78.84985,35.722664,6520900,2,1142,294
36,SINGLE_FAMILY,0.31,27613,700000,4,-78.70544,35.88494,6523251,3,3042,295
37,SINGLE_FAMILY,1.86,27614,600000,3,-78.68356,35.968655,6527230,3,2197,296
38,SINGLE_FAMILY,0.43,27612,740000,4,-78.73824,35.87301,6527423,3,3029,305
39,SINGLE_FAMILY,0.24,27616,393000,4,-78.52585,35.86859,65335570,3,1991,306
0,SINGLE_FAMILY,0.16,27526,420000,3,-78.7689,35.614716,103762944,3,1800,1
1,TOWNHOUSE,0.05,27560,415000,3,-78.85001,35.848618,120874386,3,1733,2
2,SINGLE_FAMILY,0.18,27526,375000,3,-78.7484,35.585785,122276323,2,1623,3
3,SINGLE_FAMILY,0.32,27608,1600000,4,-78.65407,35.804146,132217183,4,2685,31
4,CONDO,0,27610,160000,2,-78.60777,35.79939,132245869,2,1012,32
5,MULTI_FAMILY,0.44,27604,440000,,,,2062731264,,2572,33
6,SINGLE_FAMILY,0.25,27540,606820,4,,,2063306139,3,2883,34
7,SINGLE_FAMILY,0.27,27540,605515,4,,,2063317680,3,2883,35
8,SINGLE_FAMILY,0.472,27502,1196313,5,,,2064283120,6,5237,36
9,SINGLE_FAMILY,0.388,27502,1349076,5,,,2064284967,5,5006,37
10,SINGLE_FAMILY,0.147,27610,498535,2,,,2064340287,2,1861,38
11,SINGLE_FAMILY,0.169,27526,477448,4,,,2066377891,3,2132,39
12,TOWNHOUSE,0.06,27601,754999,3,,,2066781856,4,2009,40
13,LOT,3.173,27597,150000,,,,2066840334,,,41
14,SINGLE_FAMILY,0.32,27539,700963,3,,,2067257337,4,3127,42
15,SINGLE_FAMILY,0.96,27587,1426000,4,-78.57981,35.986958,215486951,5,4430,43
16,TOWNHOUSE,0.4,27587,349900,3,-78.48959,35.978943,215487102,3,1600,44
17,SINGLE_FAMILY,0.21,27587,570000,4,-78.51495,35.95514,215492830,4,2975,45
18,SINGLE_FAMILY,0.104,27587,368000,3,-78.499504,35.978832,215493038,3,1530,46
19,SINGLE_FAMILY,0.23,27540,875000,5,-78.85988,35.663055,248747622,5,4300,47
20,SINGLE_FAMILY,0.37,27616,692000,7,-78.55687,35.850586,248752120,7,4400,162
21,SINGLE_FAMILY,0.15,27526,390000,3,-78.74564,35.589546,248755285,2,1461,163
22,SINGLE_FAMILY,0.57,27571,645000,5,-78.45934,35.9099,248756599,4,3658,164
23,TOWNHOUSE,0.05,27502,2295,3,-78.84576,35.740353,305116958,2.5,2447,165
24,TOWNHOUSE,0.025,27502,510000,4,-78.88331,35.743206,305125083,4,2421,212
25,SINGLE_FAMILY,2,27511,480000,2,-78.771645,35.766575,50097681,4,3052,213
26,SINGLE_FAMILY,0.25,27502,560000,4,-78.91004,35.730774,50103431,3,2073,214
27,SINGLE_FAMILY,0.21,27540,655000,5,-78.794174,35.656128,50105966,3,2845,231
28,SINGLE_FAMILY,0.1,27604,328500,3,-78.57107,35.802372,50106727,2,1081,232
29,SINGLE_FAMILY,0.17,27606,455000,3,-78.73403,35.74851,50107007,2,1977,252
30,SINGLE_FAMILY,0.2,27545,354500,3,-78.463455,35.812225,50110083,2,1307,253
31,SINGLE_FAMILY,0.57,27587,775000,5,-78.54073,36.008755,50114073,3,3348,254
32,SINGLE_FAMILY,0.28,27603,575000,4,-78.66991,35.668106,50114254,3,2350,255
33,SINGLE_FAMILY,0.26,27502,623000,4,-78.88731,35.732674,50114442,3,2376,256
34,SINGLE_FAMILY,0.15,27612,450000,3,-78.71797,35.85536,50115391,3,1669,257
35,SINGLE_FAMILY,0.34,27523,635000,4,-78.8833,35.75961,50116002,3,2337,258
36,SINGLE_FAMILY,0.04,27614,360000,3,-78.590454,35.908638,50116351,3,1686,270
37,SINGLE_FAMILY,0.55,27587,482500,3,-78.540474,36.004005,50119795,3,1940,271
38,SINGLE_FAMILY,0.17,27617,549900,4,-78.732414,35.905746,50120492,3,1953,272
39,SINGLE_FAMILY,0.36,27614,750000,4,-78.5839,35.916573,50121891,3,3350,273