,propertyType,lotAreaValue,address,price,bedrooms,longitude,latitude,zpid,bathrooms,livingArea
0,SINGLE_FAMILY,0.51,27610,251000,3.0,-78.542496,35.75892,6402949,2.0,1515.0
1,SINGLE_FAMILY,0.62,27604,265000,3.0,-78.56691,35.82752,6416297,2.0,1251.0
2,SINGLE_FAMILY,0.19,27608,1352000,4.0,-78.63476,35.804733,6421830,4.0,3169.0
3,SINGLE_FAMILY,0.35998622589532,27511,510000,3.0,-78.77723,35.78286,6428563,1.0,1216.0
4,SINGLE_FAMILY,0.29,27607,560000,3.0,-78.68756,35.825516,6439560,2.0,1635.0
5,SINGLE_FAMILY,0.46,27529,356500,3.0,-78.611176,35.729122,6456549,2.0,1165.0
6,SINGLE_FAMILY,5.65,27597,575000,3.0,-78.34696,35.824886,6461171,3.0,2340.0
7,SINGLE_FAMILY,0.25,27606,481000,4.0,-78.693085,35.772472,6463492,4.0,1815.0
8,SINGLE_FAMILY,0.67998163452709,27545,39500,,-78.46159,35.75946,6464755,2.0,1382.0
9,SINGLE_FAMILY,0.38999081726354,27511,2150,3.0,-78.82478,35.757927,6465064,2.0,1732.0
10,LOT,2.6,27587,50000,,-78.47181,35.883595,6469073,,
11,SINGLE_FAMILY,0.16999999999999998,27613,407500,3.0,-78.70865,35.8781,6472796,3.0,1398.0
12,SINGLE_FAMILY,0.36,27513,440000,3.0,-78.779274,35.80858,6472961,2.0,2071.0
13,SINGLE_FAMILY,0.26,27613,470000,3.0,-78.71689,35.880104,6493294,3.0,1810.0
14,SINGLE_FAMILY,0.15,27513,480000,3.0,-78.77595,35.799,6495141,3.0,1867.0
15,SINGLE_FAMILY,0.86,27592,350000,3.0,-78.674225,35.58899,6496386,2.0,1409.0
16,TOWNHOUSE,0.03,27613,321000,2.0,-78.71209,35.865623,6501003,3.0,1339.0
17,TOWNHOUSE,0.03,27513,258500,2.0,-78.80413,35.775932,6501360,3.0,1073.0
18,SINGLE_FAMILY,0.35,27518,744000,5.0,-78.75913,35.72214,6525233,5.0,3761.0
19,SINGLE_FAMILY,0.13999999999999999,27615,430000,3.0,-78.594826,35.882042,6529329,3.0,2030.0
20,SINGLE_FAMILY,0.15,27616,310000,3.0,-78.56817,35.83437,6531572,2.0,1321.0
21,SINGLE_FAMILY,0.18,27603,450000,4.0,-78.68925,35.74892,6531822,3.0,2126.0
22,SINGLE_FAMILY,0.08,27604,750000,3.0,-78.637024,35.79521,65332012,3.0,1653.0
23,SINGLE_FAMILY,0.28,27519,925000,4.0,-78.887,35.796173,65339329,4.0,3722.0
24,SINGLE_FAMILY,0.34,27540,665000,4.0,-78.81316,35.657055,65343156,3.0,2770.0
25,SINGLE_FAMILY,0.24,27519,512000,3.0,-78.876144,35.78308,6545364,3.0,1567.0
26,SINGLE_FAMILY,0.35,27540,420000,4.0,-78.863304,35.63307,6545941,3.0,1850.0
27,SINGLE_FAMILY,0.27,27617,445000,3.0,-78.73339,35.902935,6558693,3.0,1675.0
28,SINGLE_FAMILY,0.35998622589532,27540,500000,3.0,-78.81802,35.649967,6559253,3.0,1981.0
29,SINGLE_FAMILY,0.06000918273645546,27604,260000,3.0,-78.54351,35.810715,6560200,3.0,1358.0
30,TOWNHOUSE,0.02,27502,325000,3.0,-78.87553,35.742355,68317982,3.0,1452.0
31,SINGLE_FAMILY,0.69,27526,701000,3.0,-78.83332,35.60652,68319292,3.0,2637.0
32,TOWNHOUSE,0.03,27617,320000,2.0,-78.76899,35.91498,68319712,3.0,1420.0
33,SINGLE_FAMILY,0.7,27526,721517,4.0,-78.79772,35.623127,68320142,3.0,2719.0
34,TOWNHOUSE,0.04,27539,431000,3.0,-78.79782,35.681225,68320957,3.0,2318.0
35,SINGLE_FAMILY,0.97,27587,950000,4.0,-78.558395,36.00829,68971872,5.0,3928.0
36,SINGLE_FAMILY,0.64,27603,951000,4.0,-78.69845,35.64019,71661631,4.0,4322.0
37,TOWNHOUSE,0.04,27610,290000,3.0,-78.545135,35.796658,71844288,3.0,1513.0
38,SINGLE_FAMILY,8.25,27540,174000,,-78.85417,35.56534,71855757,,
39,LOT,0.93999081726354,27540,174500,,-78.85417,35.56534,71884595,,
0,SINGLE_FAMILY,0.19,27526,425000,4.0,-78.812775,35.628143,122282988,3.0,2276.0
1,SINGLE_FAMILY,0.19,27597,877500,4.0,-78.324905,35.84622,125244931,3.0,2708.0
2,SINGLE_FAMILY,0.15,27610,2325,4.0,-78.59418,35.74222,125250200,2.5,2035.0
3,SINGLE_FAMILY,0.15,27591,485000,3.0,-78.42179,35.768063,125275819,3.0,2469.0
4,CONDO,0.0,27612,247000,3.0,-78.686325,35.838703,132193912,2.0,1537.0
5,TOWNHOUSE,0.03,27612,390000,2.0,-78.72511,35.867523,133201002,3.0,1395.0
6,LOT,1.2599862258953,27610,2260000,,-78.57987,35.796795,133216932,,
7,SINGLE_FAMILY,0.16,27591,715069,3.0,,,2062488350,3.0,2788.0
8,SINGLE_FAMILY,0.16,27606,743600,4.0,,,2064262088,4.0,2590.0
9,SINGLE_FAMILY,0.147,27610,511855,2.0,,,2064340178,3.0,2086.0
10,CONDO,0.0,27606,230000,2.0,,,2065064079,3.0,1105.0
11,SINGLE_FAMILY,0.16999999999999998,27526,551132,4.0,,,2065512131,4.0,2514.0
12,CONDO,0.03,27612,260000,3.0,,,2067994688,2.0,1441.0
13,SINGLE_FAMILY,0.12,27605,861100,3.0,-78.64923,35.789135,215486375,5.0,1843.0
14,SINGLE_FAMILY,0.45,27526,502000,4.0,-78.82003,35.588165,215487715,3.0,1877.0
15,LOT,0.25,27540,607000,,-78.88155,35.65032,248756222,,
16,SINGLE_FAMILY,1.22,27540,761000,4.0,-78.861404,35.57248,305116508,4.0,3110.0
17,SINGLE_FAMILY,0.41,27513,965500,5.0,-78.77345,35.79444,305116813,4.0,3069.0
18,SINGLE_FAMILY,0.19,27519,980000,4.0,-78.84411,35.765438,305124135,5.0,4041.0
19,TOWNHOUSE,0.13999999999999999,27502,531000,3.0,-78.9438,35.739784,305127325,3.0,2276.0
20,LOT,0.1599862258953168,27610,436500,,-78.54324,35.702404,336867283,,
21,SINGLE_FAMILY,0.259,27526,462557,5.0,-78.824036,35.571915,336868441,3.0,2396.0
22,LOT,0.16999540863177226,27606,744000,,-78.71698,35.77994,336868527,,
23,SINGLE_FAMILY,0.14400000000000002,27591,537081,2.0,-78.42377,35.757607,336868871,2.0,2037.0
24,LOT,1.6199954086318,27592,640000,,-78.69024,35.539482,336869648,,
25,SINGLE_FAMILY,0.16,27539,425000,4.0,-78.82793,35.68371,50109619,3.0,1840.0
26,SINGLE_FAMILY,0.47,27529,360000,3.0,-78.60725,35.620716,50119555,2.0,1659.0
27,SINGLE_FAMILY,0.5,27587,755000,4.0,-78.540695,36.00368,50119796,4.0,3586.0
28,SINGLE_FAMILY,0.28,27502,540000,4.0,-78.898445,35.72082,50119998,3.0,1889.0
29,TOWNHOUSE,0.05,27613,377500,3.0,-78.73523,35.90036,50120511,3.0,1824.0
30,SINGLE_FAMILY,0.5,27519,1040000,4.0,-78.88032,35.796604,50121801,4.0,3674.0
31,TOWNHOUSE,0.04,27615,315500,2.0,-78.59154,35.889416,53456696,2.0,1197.0
32,SINGLE_FAMILY,0.3,27540,355000,3.0,-78.821304,35.6325,60393302,2.0,1265.0
33,SINGLE_FAMILY,0.2,27616,380000,3.0,-78.511055,35.88066,60398593,3.0,1416.0
34,SINGLE_FAMILY,0.43,27540,800000,4.0,-78.816734,35.661472,60531261,4.0,3472.0
35,SINGLE_FAMILY,0.19,27610,337000,4.0,-78.563095,35.72948,60536740,3.0,1542.0
36,TOWNHOUSE,0.02,27610,220500,3.0,-78.5613,35.750515,60537531,3.0,1189.0
37,SINGLE_FAMILY,1.1,27526,280000,2.0,-78.80665,35.56236,6376519,2.0,1264.0
38,SINGLE_FAMILY,0.62,27608,905000,4.0,-78.62957,35.80903,6391940,3.0,2656.0
39,LOT,11.5,27545,600000,,-78.47939,35.81749,6401776,,
0,SINGLE_FAMILY,0.28,27529,349000,3.0,-78.60123,35.68022,6475560,3.0,1578.0
1,SINGLE_FAMILY,1.29,27539,425000,3.0,-78.74156,35.662148,6486866,3.0,1900.0
2,SINGLE_FAMILY,1.1799816345271,27501,215000,3.0,-78.75012,35.53342,6494620,2.5,1560.0
3,SINGLE_FAMILY,0.11999540863177227,27610,180000,3.0,-78.58727,35.76983,6503026,2.5,1480.0
4,SINGLE_FAMILY,0.13,27616,250000,3.0,-78.55844,35.886684,6504060,2.0,1160.0
5,TOWNHOUSE,0.06,27587,300750,3.0,-78.52498,35.990883,6505497,3.0,1340.0
6,SINGLE_FAMILY,0.16999540863177226,27616,290000,,-78.566315,35.852386,6509663,2.0,1764.0
7,SINGLE_FAMILY,0.56,27587,686000,3.0,-78.551704,35.970146,6510268,3.0,2702.0
8,SINGLE_FAMILY,0.19,27513,485000,3.0,-78.78972,35.816204,6513803,3.0,1629.0
9,SINGLE_FAMILY,0.17998163452708907,27613,490000,3.0,-78.75085,35.925007,6515009,2.5,2007.0
10,SINGLE_FAMILY,0.97,27540,750000,3.0,-78.8065,35.642895,6519731,4.0,3658.0
11,SINGLE_FAMILY,0.28,27518,800000,4.0,-78.77807,35.714195,6524508,3.0,3407.0
12,SINGLE_FAMILY,0.24,27518,565000,3.0,-78.78939,35.70926,6524764,3.0,2278.0
13,SINGLE_FAMILY,0.16,27545,331000,3.0,-78.46354,35.76561,6525475,2.0,1229.0
14,SINGLE_FAMILY,0.3,27513,915000,4.0,-78.84515,35.803642,6532172,4.0,3406.0
15,SINGLE_FAMILY,0.28,27616,370000,3.0,-78.5178,35.884212,6532931,3.0,1608.0
16,SINGLE_FAMILY,0.32,27502,885000,5.0,-78.85763,35.744976,65330818,3.0,4745.0
17,SINGLE_FAMILY,0.22999999999999998,27616,530000,4.0,-78.514275,35.877674,65333739,3.0,2714.0
18,SINGLE_FAMILY,0.37,27587,555555,4.0,-78.517265,35.97368,65334388,3.0,2456.0
19,TOWNHOUSE,0.05,27502,365000,3.0,-78.8753,35.727566,65339237,3.0,1476.0
20,TOWNHOUSE,0.02,27613,320000,3.0,-78.735435,35.885033,65339727,3.0,1412.0
21,SINGLE_FAMILY,0.27998163452709,27613,900000,,-78.73173,35.899887,6546411,2.5,2678.0
22,SINGLE_FAMILY,0.16999999999999998,27545,321000,3.0,-78.47148,35.76552,6557526,2.0,1240.0
23,TOWNHOUSE,0.03,27545,295500,3.0,-78.51511,35.77635,67554664,3.0,1413.0
24,SINGLE_FAMILY,0.2,27502,600000,3.0,-78.86865,35.726326,67556863,3.0,2106.0
25,SINGLE_FAMILY,0.72,27526,470000,3.0,-78.75087,35.56442,67558681,3.0,2409.0
26,TOWNHOUSE,0.05,27613,425300,3.0,-78.73442,35.888424,67558847,3.0,1754.0
27,SINGLE_FAMILY,0.89,27603,900000,4.0,-78.70759,35.66597,68317586,4.0,4025.0
28,SINGLE_FAMILY,0.9,27603,675000,3.0,-78.67908,35.617996,69564748,3.0,3196.0
29,TOWNHOUSE,0.05,27616,315000,3.0,-78.55099,35.89921,69566683,3.0,1510.0
30,SINGLE_FAMILY,0.18,27610,361000,3.0,-78.58612,35.738937,71205682,3.0,1627.0
31,SINGLE_FAMILY,0.42,27571,655000,5.0,-78.45542,35.92825,80198178,4.0,3615.0
32,SINGLE_FAMILY,0.16,27614,475000,4.0,-78.556145,35.966125,81436757,3.0,2538.0
33,SINGLE_FAMILY,0.19,27587,485000,4.0,-78.47414,35.963066,82672052,3.0,2659.0
34,TOWNHOUSE,0.03,27603,325000,2.0,-78.659645,35.732666,82675612,3.0,1295.0
35,SINGLE_FAMILY,0.16,27526,383000,3.0,-78.76697,35.612476,89495175,3.0,1589.0
36,SINGLE_FAMILY,0.27998163452709,27545,504500,4.0,-78.462326,35.745316,98376957,3.0,3082.0
37,SINGLE_FAMILY,0.73,27529,435500,3.0,-78.58959,35.611523,111377267,2.0,2194.0
38,SINGLE_FAMILY,0.82,27612,2350000,5.0,-78.697914,35.837128,119340745,6.0,5391.0
39,SINGLE_FAMILY,0.21000000000000002,27526,650000,5.0,-78.81901,35.595177,122279447,4.0,3377.0
0,LOT,0.6,27592,493500,,-78.70403,35.55616,336868134,,
1,SINGLE_FAMILY,0.13,27591,473801,2.0,-78.42296,35.75889,336869151,2.0,1888.0
2,LOT,0.28999081726354,27523,853500,,-78.93208,35.781693,336869460,,
3,SINGLE_FAMILY,1.17,27587,640000,4.0,-78.52806,35.993706,50102541,4.0,3007.0
4,SINGLE_FAMILY,0.34,27604,1082500,3.0,-78.54321,35.80759,50103150,3.0,1375.0
5,SINGLE_FAMILY,0.13,27604,380000,3.0,-78.54264,35.807205,50103151,3.0,1641.0
6,SINGLE_FAMILY,0.1,27604,310500,2.0,-78.57105,35.803055,50106732,2.0,912.0
7,SINGLE_FAMILY,0.18,27502,415000,3.0,-78.90995,35.72179,50110256,2.0,1825.0
8,SINGLE_FAMILY,0.2,27614,539900,3.0,-78.588905,35.91295,50111644,3.0,2274.0
9,SINGLE_FAMILY,0.40998622589532,27519,654000,4.0,-78.866684,35.794407,50112514,3.0,3300.0
10,SINGLE_FAMILY,0.1099862258953168,27604,254500,,-78.543526,35.81246,50115261,2.5,1224.0
11,SINGLE_FAMILY,0.9,27592,614000,4.0,-78.6591,35.581657,50115861,4.0,4174.0
12,TOWNHOUSE,0.04,27613,365000,3.0,-78.73467,35.900005,50116161,3.0,1600.0
13,SINGLE_FAMILY,0.3,27614,675000,4.0,-78.56358,35.945236,50118842,3.0,2716.0
14,SINGLE_FAMILY,0.92,27614,635000,4.0,-78.68302,35.977757,50122261,3.0,2807.0
15,SINGLE_FAMILY,0.69,27616,493800,3.0,-78.49397,35.834538,53459031,3.0,2644.0
16,TOWNHOUSE,0.04,27615,300000,2.0,-78.570854,35.89487,53459688,3.0,1389.0
17,SINGLE_FAMILY,0.61,27526,470000,4.0,-78.77072,35.6089,53462377,4.0,2817.0
18,SINGLE_FAMILY,0.36,27540,880000,4.0,-78.818436,35.66106,60393315,3.0,3267.0
19,TOWNHOUSE,0.02,27502,332500,3.0,-78.87337,35.74304,60394059,3.0,1460.0
20,TOWNHOUSE,0.081,27587,354000,3.0,-78.525024,35.99934,60399389,3.0,2111.0
21,SINGLE_FAMILY,0.82,27539,640000,4.0,-78.808846,35.691563,60533538,3.0,2617.0
22,SINGLE_FAMILY,0.39,27616,350500,4.0,-78.56616,35.839344,60536955,3.0,1728.0
23,SINGLE_FAMILY,0.65,27609,686500,4.0,-78.61833,35.856373,6382982,3.0,2503.0
24,SINGLE_FAMILY,1.0,27587,339000,3.0,-78.69801,36.05655,6408058,3.0,1694.0
25,SINGLE_FAMILY,0.28,27609,495000,3.0,-78.61649,35.86317,6416636,2.0,2258.0
26,SINGLE_FAMILY,0.21000000000000002,27610,300000,2.0,-78.60835,35.78965,6417877,1.0,1037.0
27,SINGLE_FAMILY,0.46,27609,925000,4.0,-78.62263,35.856987,6419381,4.0,3052.0
28,SINGLE_FAMILY,0.22998163452708908,27610,290000,4.0,-78.61071,35.774117,6426816,2.5,1407.0
29,SINGLE_FAMILY,0.2,27607,525000,3.0,-78.66886,35.798695,6427840,2.0,1072.0
30,LOT,3.87,27607,1600000,,-78.744675,35.804764,6427874,,
31,LOT,0.75,27609,1654320,,-78.649925,35.829597,6435250,,
32,SINGLE_FAMILY,0.16,27502,803225,4.0,-78.845474,35.727493,6436708,4.0,3162.0
33,SINGLE_FAMILY,0.29,27511,504500,3.0,-78.76786,35.786552,6442221,2.0,1463.0
34,SINGLE_FAMILY,0.91999540863177,27529,490000,4.0,-78.61777,35.6698,6443955,3.0,2378.0
35,SINGLE_FAMILY,1.6699954086318,27603,1200000,,-78.697525,35.68828,6455866,,2910.0
36,SINGLE_FAMILY,0.95998622589532,27615,615000,4.0,-78.64802,35.921265,6458486,5.0,2920.0
37,TOWNHOUSE,0.03,27609,265250,2.0,-78.60208,35.859764,6465804,2.0,1095.0
38,TOWNHOUSE,0.06999999999999999,27608,550000,2.0,-78.65777,35.81068,6470279,2.0,1426.0
39,MANUFACTURED,0.7,27603,28000,,-78.63684,35.58144,6475012,3.0,1904.0
0,SINGLE_FAMILY,0.34,27526,535000,4.0,-78.74789,35.62196,67556713,3.0,2600.0
1,SINGLE_FAMILY,0.22999999999999998,27539,435000,4.0,-78.81078,35.67658,68319575,3.0,2283.0
2,TOWNHOUSE,0.05,27612,390000,3.0,-78.720795,35.858543,69566969,3.0,1735.0
3,SINGLE_FAMILY,0.38,27519,1350000,5.0,-78.90693,35.80818,71206490,4.0,3892.0
4,TOWNHOUSE,0.03,27616,320000,3.0,-78.52207,35.852657,71845160,3.0,1553.0
5,SINGLE_FAMILY,0.92,27613,1275000,4.0,-78.69982,35.925026,80208142,6.0,4978.0
6,SINGLE_FAMILY,0.20899908172635445,27526,382500,3.0,-78.80536,35.57163,81436653,2.5,1826.0
7,TOWNHOUSE,0.04,27610,295000,3.0,-78.54441,35.7962,81437190,3.0,1280.0
8,TOWNHOUSE,0.06,27519,438000,2.0,-78.910965,35.823902,81761220,3.0,1921.0
9,TOWNHOUSE,0.04,27604,300000,3.0,-78.5884,35.82911,88948341,3.0,1482.0
10,TOWNHOUSE,0.03,27616,300000,3.0,-78.53724,35.894028,102328967,3.0,1559.0
11,SINGLE_FAMILY,0.4,27540,585000,4.0,-78.86987,35.638096,122065625,3.0,2691.0
12,SINGLE_FAMILY,0.2,27502,792500,4.0,-78.91313,35.718555,122281720,3.0,2777.0
13,SINGLE_FAMILY,0.22000000000000003,27519,960000,4.0,-78.88541,35.821575,122283397,4.0,3552.0
14,SINGLE_FAMILY,0.22000000000000003,27545,580000,4.0,-78.46686,35.797592,125090228,3.0,2968.0
15,SINGLE_FAMILY,0.69,27539,870000,4.0,-78.717636,35.675415,125247256,4.0,4267.0
16,SINGLE_FAMILY,,27604,145000,,-78.59084,35.847546,132267961,1.0,756.0
17,SINGLE_FAMILY,0.7,27597,507000,,-78.332825,35.795124,133226322,3.5,3502.0
18,SINGLE_FAMILY,0.03999081726354454,27571,300000,,-78.46822,35.919926,133704289,2.0,1661.0
19,SINGLE_FAMILY,0.13999999999999999,27616,520500,4.0,-78.511536,35.837463,133704370,3.0,2615.0
20,TOWNHOUSE,0.1,27519,485000,4.0,,,2063167037,4.0,1856.0
21,TOWNHOUSE,0.1,27519,497070,4.0,,,2063168027,4.0,1970.0
22,TOWNHOUSE,0.06899999999999999,27529,374843,3.0,,,2064080001,3.0,1916.0
23,TOWNHOUSE,0.03,27545,391827,3.0,,,2066579761,4.0,2311.0
24,SINGLE_FAMILY,0.31,27571,530000,4.0,,,2066689029,4.0,2474.0
25,SINGLE_FAMILY,0.39,27539,676115,5.0,,,2067371439,4.0,2974.0
26,TOWNHOUSE,0.044000000000000004,27610,310500,3.0,,,2067948059,3.0,1573.0
27,TOWNHOUSE,0.06999999999999999,27539,435000,3.0,-78.80717,35.670372,215484821,3.0,1902.0
28,SINGLE_FAMILY,0.11000000000000001,27502,575000,3.0,-78.92262,35.703983,248749225,3.0,2244.0
29,SINGLE_FAMILY,0.15,27587,590000,3.0,-78.48154,35.98895,248755438,4.0,2853.0
30,LOT,0.07998163452708908,27529,375000,,-78.61865,35.682716,331655653,,
31,LOT,0.38999081726354,27539,676500,,-78.76409,35.68526,331655752,,
32,LOT,0.05,27526,352500,,-78.80712,35.569454,331656889,,
33,LOT,0.36999540863177,27562,879000,,-78.89296,35.62668,336860447,,
34,SINGLE_FAMILY,0.13999999999999999,27597,400000,3.0,-78.32762,35.846954,336860671,3.0,2300.0
35,LOT,1.7699954086318,27587,781000,,-78.40052,35.93462,336860835,,
36,LOT,0.2099862258953168,27540,721500,,-78.884834,35.65168,336866248,,
37,SINGLE_FAMILY,0.029981634527089074,27545,392000,3.0,-78.50116,35.794865,336866526,3.0,2311.0
38,LOT,0.06999540863177227,27616,590500,,-78.53535,35.847565,336867807,,
39,LOT,0.05,27560,468000,,-78.830925,35.83173,336868020,,
0,SINGLE_FAMILY,0.15,27616,441000,3.0,-78.546776,35.887524,60538281,3.0,2294.0
1,SINGLE_FAMILY,0.71,27571,440000,4.0,-78.4576,35.93771,60539029,3.0,2538.0
2,SINGLE_FAMILY,2.25,27603,350000,3.0,-78.68856,35.68883,6376784,3.0,1539.0
3,SINGLE_FAMILY,0.46999540863177,27529,280000,,-78.61738,35.72977,6379619,2.0,1408.0
4,LOT,0.38,27529,164500,,-78.62319,35.716484,6379831,,
5,SINGLE_FAMILY,0.28,27529,265000,3.0,-78.61351,35.709263,6384076,1.0,1007.0
6,SINGLE_FAMILY,0.41,27529,170000,2.0,-78.622856,35.71999,6387470,1.0,1200.0
7,SINGLE_FAMILY,0.2,27603,312000,2.0,-78.64154,35.74563,6406616,1.0,835.0
8,SINGLE_FAMILY,0.56,27612,660000,4.0,-78.6999,35.860535,6408670,4.0,3010.0
9,SINGLE_FAMILY,0.21000000000000002,27610,300000,2.0,-78.61032,35.790524,6412926,1.0,937.0
10,LOT,1.3,27529,75000,,-78.57956,35.73617,6414181,,
11,SINGLE_FAMILY,0.3,27609,845000,3.0,-78.65138,35.845963,6424861,2.0,2312.0
12,LOT,147.26,27587,32740000,,-78.49403,36.00179,6431615,,
13,SINGLE_FAMILY,0.16999999999999998,27591,230000,3.0,-78.37135,35.78824,6432989,1.0,960.0
14,SINGLE_FAMILY,0.81,27609,1300000,3.0,-78.64728,35.816917,6447070,3.0,3001.0
15,MANUFACTURED,0.46,27526,105000,3.0,-78.725685,35.61829,6458148,2.0,1188.0
16,LOT,0.46,27529,177000,,-78.62334,35.716698,6463820,,
17,SINGLE_FAMILY,0.88,27615,975000,5.0,-78.66447,35.903847,6468487,4.0,4100.0
18,SINGLE_FAMILY,0.29,27615,835000,6.0,-78.63924,35.889202,6468806,4.0,3693.0
19,TOWNHOUSE,0.03,27615,265000,2.0,-78.64353,35.887417,6471507,2.0,1277.0
20,SINGLE_FAMILY,1.0,27545,239500,3.0,-78.47624,35.818184,6484424,2.0,1250.0
21,TOWNHOUSE,0.03,27604,265000,2.0,-78.58176,35.840878,6490029,3.0,1263.0
22,SINGLE_FAMILY,0.71,27587,415000,3.0,-78.52075,35.892918,6493520,3.0,1755.0
23,SINGLE_FAMILY,0.25,27613,365000,3.0,-78.70969,35.867783,6493587,2.0,1482.0
24,SINGLE_FAMILY,1.0,27523,625000,3.0,-78.84268,35.75258,6498568,2.0,2324.0
25,TOWNHOUSE,0.04,27615,415000,3.0,-78.67304,35.888012,6499813,4.0,2112.0
26,SINGLE_FAMILY,2.52,27592,365000,3.0,-78.712776,35.585518,6500648,2.0,1500.0
27,SINGLE_FAMILY,2.074,27526,725000,3.0,-78.76922,35.572098,6518331,3.0,3008.0
28,SINGLE_FAMILY,0.21000000000000002,27513,630000,3.0,-78.83431,35.785473,6521446,3.0,2058.0
29,SINGLE_FAMILY,0.23999081726354454,27526,351000,3.0,-78.798294,35.573975,6526062,2.5,1400.0
30,SINGLE_FAMILY,0.16999540863177226,27616,463500,,-78.52286,35.874565,65333723,2.5,2112.0
31,SINGLE_FAMILY,0.11999540863177227,27519,425000,,-78.84913,35.774834,6535363,2.5,1558.0
32,SINGLE_FAMILY,0.81,27513,1315000,5.0,-78.84077,35.78804,6543491,5.0,4383.0
33,SINGLE_FAMILY,0.25,27603,448000,3.0,-78.67021,35.74183,6555047,3.0,1863.0
34,SINGLE_FAMILY,0.22000000000000003,27612,473000,3.0,-78.72889,35.870907,6557635,2.0,1471.0
35,SINGLE_FAMILY,0.16999999999999998,27617,501000,3.0,-78.73074,35.90688,6557646,3.0,1740.0
36,SINGLE_FAMILY,0.96,27615,833250,4.0,-78.68411,35.936447,6559990,3.0,3658.0
37,SINGLE_FAMILY,0.16999999999999998,27502,501000,4.0,-78.910995,35.722504,6562940,2.0,1808.0
38,SINGLE_FAMILY,0.27998163452709,27610,120000,3.0,-78.54294,35.74717,6563703,2.0,1498.0
39,TOWNHOUSE,0.03,27513,340000,3.0,-78.78759,35.79343,67555524,3.0,1401.0
0,MULTI_FAMILY,,27606,97000,1.0,-78.74132,35.77597,132157059,1.0,820.0
1,TOWNHOUSE,0.09,27539,525000,4.0,-78.81384,35.67248,133699029,3.0,2659.0
2,SINGLE_FAMILY,0.19,27545,450000,5.0,-78.50553,35.757027,133703605,3.0,2837.0
3,CONDO,0.0,27519,330000,2.0,,,2062730883,3.0,1357.0
4,CONDO,0.0,27603,850000,2.0,,,2063231777,3.0,1464.0
5,SINGLE_FAMILY,0.15,27591,695000,4.0,,,2064141733,3.0,3233.0
6,CONDO,0.0,27511,195000,2.0,,,2065067827,1.0,730.0
7,SINGLE_FAMILY,0.192,27526,535516,5.0,,,2065772146,3.0,2886.0
8,TOWNHOUSE,0.03,27545,390951,3.0,,,2066579620,4.0,2342.0
9,SINGLE_FAMILY,0.16999999999999998,27529,586470,4.0,,,2066870760,4.0,3173.0
10,SINGLE_FAMILY,,27616,470000,3.0,,,2067056547,3.0,2025.0
11,LOT,0.1,27529,10000,,,,2070801703,,
12,CONDO,0.0,27560,302500,2.0,,,2093275144,2.0,1198.0
13,SINGLE_FAMILY,0.24,27502,1050000,4.0,-78.904526,35.70838,248748361,5.0,3552.0
14,TOWNHOUSE,0.07300000000000001,27539,448500,3.0,-78.80745,35.6704,248750765,3.0,1950.0
15,SINGLE_FAMILY,0.36,27526,650000,5.0,-78.77866,35.629856,248751046,3.0,2919.0
16,SINGLE_FAMILY,0.13999999999999999,27591,390000,2.0,-78.42811,35.76265,248756500,2.0,1670.0
17,SINGLE_FAMILY,0.11000000000000001,27523,575000,3.0,-78.92706,35.73302,331653999,3.0,1902.0
18,LOT,24.35,27587,19768132,,-78.49652,35.999115,333944228,,
19,LOT,0.2,27610,451000,,-78.543434,35.702396,336868604,,
20,SINGLE_FAMILY,0.029981634527089074,27545,391000,3.0,-78.50116,35.794804,336868985,3.0,2342.0
21,LOT,0.27998163452709,27587,483000,,-78.46012,35.957962,336869539,,
22,LOT,37.95,27587,9203161,,-78.49854,36.002277,50097992,,
23,LOT,1.8,27529,268500,,-78.622696,35.716595,50098158,,
24,SINGLE_FAMILY,0.15,27513,495000,3.0,-78.777885,35.79995,50100554,3.0,2001.0
25,SINGLE_FAMILY,0.25,27523,625000,4.0,-78.88579,35.75779,50110011,3.0,2620.0
26,SINGLE_FAMILY,0.16999540863177226,27615,417500,,-78.57287,35.892555,50110732,2.5,1926.0
27,SINGLE_FAMILY,0.13999999999999999,27616,320000,3.0,-78.56781,35.855083,50111098,3.0,1408.0
28,SINGLE_FAMILY,0.22999999999999998,27597,257200,3.0,-78.33596,35.831097,50112355,2.0,1133.0
29,SINGLE_FAMILY,0.34,27587,385000,3.0,-78.46717,35.95531,50116299,2.0,1354.0
30,SINGLE_FAMILY,0.53,27603,1315000,3.0,-78.661964,35.628242,50118292,3.0,2119.0
31,SINGLE_FAMILY,0.25,27610,500000,6.0,-78.62491,35.743874,50122273,3.0,3191.0
32,SINGLE_FAMILY,0.19,27529,376600,4.0,-78.58983,35.720585,53462020,3.0,1949.0
33,SINGLE_FAMILY,0.55,27603,401000,3.0,-78.66015,35.627125,60396451,2.0,1595.0
34,SINGLE_FAMILY,0.32998163452709,27616,414000,3.0,-78.567665,35.84082,60397245,3.0,1902.0
35,SINGLE_FAMILY,0.21999540863177228,27587,417500,5.0,-78.493095,35.98653,60399433,3.0,2704.0
36,SINGLE_FAMILY,0.28,27540,652500,3.0,-78.804985,35.64955,60531330,3.0,2642.0
37,TOWNHOUSE,0.05,27523,415000,3.0,-78.879135,35.7523,60532490,3.0,1563.0
38,TOWNHOUSE,0.08,27613,612000,3.0,-78.7083,35.88279,60534729,3.0,2689.0
39,TOWNHOUSE,0.029981634527089074,27603,310000,2.0,-78.6797,35.750713,60535080,2.5,1300.0
0,TOWNHOUSE,0.3,27609,350000,3.0,-78.62705,35.8591,6460351,3.0,1740.0
1,SINGLE_FAMILY,0.3,27511,577000,3.0,-78.769104,35.78001,6461058,2.0,1490.0
2,SINGLE_FAMILY,0.58,27613,552000,4.0,-78.720924,35.90619,6464694,3.0,2200.0
3,SINGLE_FAMILY,0.26,27604,387500,3.0,-78.578094,35.82659,6465326,2.0,1588.0
4,TOWNHOUSE,0.05,27511,330000,2.0,-78.78442,35.758038,6466218,2.0,1119.0
5,SINGLE_FAMILY,2.48,27614,1815000,4.0,-78.61464,35.930794,6474745,4.0,4981.0
6,SINGLE_FAMILY,0.92,27603,373900,3.0,-78.633965,35.649544,6476579,2.0,1613.0
7,SINGLE_FAMILY,0.25,27526,351000,3.0,-78.7865,35.605644,6484648,2.0,1567.0
8,SINGLE_FAMILY,0.3,27616,335000,3.0,-78.548775,35.88059,6485828,2.0,1290.0
9,SINGLE_FAMILY,0.58999081726354,27518,675000,,-78.75635,35.733486,6486709,3.0,4217.0
10,TOWNHOUSE,0.02,27511,290000,2.0,-78.789825,35.76295,6492797,3.0,1126.0
11,TOWNHOUSE,0.05,27518,625000,2.0,-78.76632,35.72493,6504425,3.0,2358.0
12,SINGLE_FAMILY,0.89,27539,800000,3.0,-78.80158,35.6918,6513201,4.0,4090.0
13,SINGLE_FAMILY,0.29,27615,450000,4.0,-78.57608,35.898853,6513704,3.0,2146.0
14,TOWNHOUSE,0.06,27604,255000,2.0,-78.566055,35.82954,6516537,2.0,1703.0
15,SINGLE_FAMILY,0.25,27560,595000,3.0,-78.84068,35.835575,65329268,3.0,2284.0
16,SINGLE_FAMILY,0.13999999999999999,27560,485000,3.0,-78.836555,35.82764,65335132,3.0,1662.0
17,SINGLE_FAMILY,0.275,27587,702000,3.0,-78.49174,35.944275,65340728,3.0,2894.0
18,SINGLE_FAMILY,0.38,27519,507500,3.0,-78.87288,35.779015,6535252,3.0,1770.0
19,SINGLE_FAMILY,0.18,27604,425000,4.0,-78.549965,35.812523,6537265,3.0,2312.0
20,SINGLE_FAMILY,0.34,27519,811000,4.0,-78.85445,35.795376,6559847,3.0,3009.0
21,SINGLE_FAMILY,0.19,27614,465000,4.0,-78.57777,35.911884,6560590,3.0,1873.0
22,SINGLE_FAMILY,0.28,27539,739555,5.0,-78.756584,35.65397,67556750,3.0,3017.0
23,SINGLE_FAMILY,0.31,27616,460000,4.0,-78.52657,35.874725,79885288,3.0,2267.0
24,TOWNHOUSE,0.03,27617,370000,3.0,-78.80847,35.90572,79888929,4.0,1718.0
25,SINGLE_FAMILY,0.12,27502,603000,3.0,-78.8706,35.725674,81434952,3.0,2297.0
26,SINGLE_FAMILY,0.32,27539,701000,4.0,-78.73238,35.643642,82671842,3.0,2702.0
27,SINGLE_FAMILY,0.1599862258953168,27610,411000,,-78.541046,35.71901,88952847,2.5,2392.0
28,SINGLE_FAMILY,0.127,27616,430000,3.0,-78.52087,35.895702,113105309,3.0,2455.0
29,TOWNHOUSE,0.03,27519,380000,3.0,-78.89542,35.828342,118204019,4.0,1775.0
30,TOWNHOUSE,0.1,27519,630000,3.0,-78.91045,35.831074,119341926,3.0,2403.0
31,SINGLE_FAMILY,3.26,27539,1100000,5.0,-78.71521,35.688026,122066937,6.0,4801.0
32,SINGLE_FAMILY,0.28,27539,725000,5.0,-78.72704,35.645264,122072493,4.0,3204.0
33,TOWNHOUSE,0.04,27603,361000,3.0,-78.654015,35.739365,122277123,3.0,1421.0
34,SINGLE_FAMILY,0.13999999999999999,27616,446000,3.0,-78.52371,35.864094,122279926,3.0,2104.0
35,SINGLE_FAMILY,0.21000000000000002,27587,592000,4.0,-78.49111,35.980286,122280586,4.0,2655.0
36,SINGLE_FAMILY,0.22999999999999998,27501,450000,4.0,-78.75276,35.54338,122282049,3.0,2675.0
37,SINGLE_FAMILY,0.15,27610,407000,,-78.545,35.737556,122282617,2.5,2040.0
38,TOWNHOUSE,0.03,27519,431000,3.0,-78.89515,35.82733,122282632,4.0,1800.0
39,SINGLE_FAMILY,,27519,330000,,-78.90375,35.81434,132092553,1.5,1424.0
0,LOT,0.1099862258953168,27616,400000,,-78.55755,35.850883,248753211,,
1,TOWNHOUSE,0.09,27511,680000,3.0,-78.75395,35.767643,248754678,3.0,2838.0
2,SINGLE_FAMILY,0.03999081726354454,27616,398000,,-78.5372,35.859837,305117663,3.5,1940.0
3,SINGLE_FAMILY,1.4199954086318,27591,80000,,-78.41142,35.75211,305126964,1.0,880.0
4,LOT,1.01,27539,295000,,-78.76703,35.685074,331657350,,
5,LOT,0.2,27519,871000,,-78.881195,35.81419,331657905,,
6,LOT,0.1099862258953168,27529,373000,,-78.61668,35.684017,336867278,,
7,TOWNHOUSE,0.053,27529,324141,3.0,-78.617096,35.683666,336867279,3.0,1529.0
8,TOWNHOUSE,0.05,27560,449500,3.0,-78.83095,35.831924,336867584,2.5,1835.0
9,LOT,0.31999540863177,27587,523000,,-78.459854,35.957867,336867757,,
10,LOT,0.22998163452708908,27526,218500,,-78.79663,35.55967,336869550,,
11,SINGLE_FAMILY,0.12,27591,440471,2.0,-78.42373,35.758144,336869597,2.0,1599.0
12,TOWNHOUSE,0.03,27511,325000,3.0,-78.79143,35.76642,50114510,3.0,1481.0
13,SINGLE_FAMILY,0.16,27612,486000,3.0,-78.7207,35.856327,50115450,3.0,1785.0
14,SINGLE_FAMILY,0.2,27526,397000,3.0,-78.75855,35.58397,50116927,3.0,1483.0
15,TOWNHOUSE,0.06999540863177227,27606,315000,2.0,-78.71613,35.752003,53461884,3.0,1462.0
16,TOWNHOUSE,0.02,27613,345000,3.0,-78.71314,35.87782,60395969,3.0,1387.0
17,SINGLE_FAMILY,0.62,27587,840000,4.0,-78.54358,35.988495,60539590,4.0,3740.0
18,SINGLE_FAMILY,0.46,27603,368000,4.0,-78.680244,35.680485,6377857,3.0,2002.0
19,SINGLE_FAMILY,0.7,27545,341100,3.0,-78.52283,35.782276,6384383,2.0,2030.0
20,SINGLE_FAMILY,0.30998622589532,27511,490000,3.0,-78.797066,35.770996,6384388,2.0,2200.0
21,SINGLE_FAMILY,0.11000000000000001,27601,730000,3.0,-78.634254,35.77019,6392309,3.0,1690.0
22,SINGLE_FAMILY,0.33999081726354,27609,600000,3.0,-78.65485,35.849773,6397003,2.0,2000.0
23,MULTI_FAMILY,0.31,27608,825000,,-78.66096,35.804096,6398372,,1910.0
24,SINGLE_FAMILY,0.45,27607,760000,4.0,-78.68069,35.8192,6403058,3.0,2470.0
25,SINGLE_FAMILY,0.36,27609,380000,3.0,-78.64793,35.866337,6408528,2.0,1524.0
26,LOT,7.3899908172635,27529,259000,,-78.645775,35.690918,6410645,1.0,640.0
27,MULTI_FAMILY,0.4,27608,810000,,-78.6461,35.809208,6411480,,2376.0
28,SINGLE_FAMILY,4.4799816345271,27523,420000,,-78.92958,35.747833,6411896,1.0,2223.0
29,SINGLE_FAMILY,0.93,27615,475000,4.0,-78.63658,35.896744,6413840,4.0,2981.0
30,SINGLE_FAMILY,0.45,27610,317000,3.0,-78.5403,35.75688,6413982,2.0,1608.0
31,SINGLE_FAMILY,0.38999081726354,27612,465000,,-78.66524,35.842014,6422604,2.5,2041.0
32,SINGLE_FAMILY,0.29,27610,480000,4.0,-78.605,35.79728,6425805,2.0,1564.0
33,SINGLE_FAMILY,0.3,27609,785000,4.0,-78.630486,35.846466,6426422,3.0,2286.0
34,SINGLE_FAMILY,0.42,27511,427000,3.0,-78.79573,35.770393,6429481,2.0,1464.0
35,SINGLE_FAMILY,0.01999540863177227,27511,257000,,-78.7491,35.766796,6442498,1.5,1152.0
36,MANUFACTURED,0.87998163452709,27597,75000,,-78.29507,35.810383,6447043,,
37,SINGLE_FAMILY,0.49,27591,335000,3.0,-78.43815,35.82943,6447749,2.0,1295.0
38,SINGLE_FAMILY,0.7,27613,532000,3.0,-78.68426,35.891624,6450753,2.0,3113.0
39,SINGLE_FAMILY,0.28,27511,460000,3.0,-78.82435,35.75546,6455434,3.0,1469.0
0,TOWNHOUSE,0.04,27545,231000,2.0,-78.49709,35.795128,6511433,1.0,934.0
1,SINGLE_FAMILY,0.15,27603,325000,3.0,-78.68875,35.75158,6512934,2.0,1242.0
2,SINGLE_FAMILY,0.41999540863177,27610,210000,,-78.54315,35.746162,6516232,2.0,1164.0
3,SINGLE_FAMILY,0.22000000000000003,27604,405000,4.0,-78.54836,35.806538,6521386,3.0,2179.0
4,SINGLE_FAMILY,0.25998622589532,27604,115500,,-78.549965,35.818268,65333172,3.5,2961.0
5,TOWNHOUSE,0.04,27613,360000,2.0,-78.729576,35.877823,65339880,4.0,1896.0
6,TOWNHOUSE,0.029981634527089074,27613,300000,2.0,-78.73848,35.895725,65344141,3.0,1277.0
7,SINGLE_FAMILY,0.92,27513,1250000,4.0,-78.84075,35.787712,6543490,4.0,3446.0
8,SINGLE_FAMILY,0.28,27518,550000,3.0,-78.793365,35.708748,6544391,3.0,2350.0
9,SINGLE_FAMILY,0.29,27502,455000,3.0,-78.88958,35.724285,6555291,2.0,1608.0
10,SINGLE_FAMILY,1.5,27540,539900,3.0,-78.83386,35.612953,67556413,3.0,2727.0
11,SINGLE_FAMILY,0.12,27610,415000,4.0,-78.62447,35.73128,69567043,3.0,2419.0
12,SINGLE_FAMILY,0.22999999999999998,27529,395000,4.0,-78.59432,35.72668,79887939,3.0,2088.0
13,SINGLE_FAMILY,0.34,27519,1400000,7.0,-78.916306,35.80543,81436463,5.0,5188.0
14,TOWNHOUSE,0.059986225895316804,27609,750000,3.0,-78.641335,35.831203,82676999,4.0,2317.0
15,TOWNHOUSE,0.03,27616,290000,2.0,-78.59121,35.867085,88943688,3.0,1292.0
16,SINGLE_FAMILY,0.2,27587,505000,4.0,-78.52837,35.97303,111577394,3.0,2582.0
17,SINGLE_FAMILY,0.31,27539,695000,4.0,-78.73006,35.6401,118509052,4.0,3027.0
18,SINGLE_FAMILY,1.0,27587,1000000,6.0,-78.47449,35.979214,122065955,6.0,5028.0
19,SINGLE_FAMILY,0.16999999999999998,27502,860000,6.0,-78.913155,35.707836,124447931,4.0,3639.0
20,APARTMENT,,27603,201500,2.0,-78.68599,35.752052,132183546,2.0,1000.0
21,CONDO,0.0,27614,307000,3.0,-78.568794,35.922794,132275361,3.0,1692.0
22,SINGLE_FAMILY,0.2,27526,500000,,-78.76364,35.587463,132345313,2.5,2347.0
23,SINGLE_FAMILY,1.3799816345271,27592,509000,,-78.68121,35.599037,132346802,2.5,2690.0
24,SINGLE_FAMILY,0.13999081726354454,27610,425000,,-78.5636,35.7215,133215883,2.5,1828.0
25,SINGLE_FAMILY,0.26,27616,490000,5.0,-78.52358,35.86571,133221807,3.0,2211.0
26,SINGLE_FAMILY,0.06,27587,353475,4.0,-78.48878,35.97855,133700348,4.0,1879.0
27,SINGLE_FAMILY,0.15,27603,530000,4.0,-78.69711,35.65858,133702835,3.0,2390.0
28,SINGLE_FAMILY,0.22000000000000003,27526,492500,4.0,,,2062427465,3.0,2472.0
29,SINGLE_FAMILY,0.22999999999999998,27526,507205,4.0,,,2062949781,3.0,2472.0
30,SINGLE_FAMILY,0.22000000000000003,27526,505000,5.0,,,2064240589,3.0,2613.0
31,MULTI_FAMILY,0.4,27608,810000,,,,2064244077,,2546.0
32,SINGLE_FAMILY,0.139,27529,596080,6.0,,,2066870847,5.0,3917.0
33,SINGLE_FAMILY,0.11000000000000001,27540,540704,5.0,,,2066974166,4.0,3032.0
34,SINGLE_FAMILY,0.232,27616,690000,5.0,,,2068430021,4.0,2949.0
35,SINGLE_FAMILY,0.195,27519,880695,4.0,,,2070065635,5.0,4084.0
36,MULTI_FAMILY,0.31,27608,825000,,-78.663574,35.80396,2085903096,,1910.0
37,SINGLE_FAMILY,0.21000000000000002,27526,695500,4.0,-78.77619,35.63135,215484934,3.0,3026.0
38,LOT,0.72998163452709,27529,250000,,-78.642296,35.69186,248741516,,
39,SINGLE_FAMILY,0.16999999999999998,27562,660000,4.0,-78.94372,35.6909,248750556,4.0,3564.0
0,LOT,0.30998622589532,27523,1091000,,-78.9298,35.76918,248751257,,
1,SINGLE_FAMILY,0.16,27597,430000,5.0,-78.33684,35.860855,305120084,3.0,2920.0
2,SINGLE_FAMILY,0.18999081726354453,27519,925500,,-78.880295,35.815975,305120769,,
3,SINGLE_FAMILY,0.69,27592,440000,3.0,-78.65673,35.564003,305122785,2.0,2139.0
4,TOWNHOUSE,0.06,27603,379500,3.0,-78.69352,35.663166,305127808,3.0,1889.0
5,TOWNHOUSE,0.05399999999999999,27529,402000,3.0,-78.59209,35.705273,331654481,3.0,1500.0
6,TOWNHOUSE,0.03,27587,412070,3.0,-78.49236,35.967358,331656492,4.0,2208.0
7,SINGLE_FAMILY,0.22999999999999998,27591,469000,5.0,-78.36336,35.76778,331656760,3.0,2154.0
8,LOT,0.13999081726354454,27560,987000,,-78.83238,35.821236,336867425,,
9,LOT,0.27998163452709,27587,510000,,-78.45959,35.957905,336868656,,
10,SINGLE_FAMILY,0.33,27519,960000,4.0,-78.8573,35.80632,50102738,4.0,2744.0
11,SINGLE_FAMILY,0.85,27616,500000,3.0,-78.487434,35.861717,50106345,2.0,2130.0
12,TOWNHOUSE,0.04,27502,399000,3.0,-78.861374,35.740444,50119219,3.0,1678.0
13,SINGLE_FAMILY,0.24,27614,595000,4.0,-78.56718,35.91451,53455899,3.0,2608.0
14,SINGLE_FAMILY,0.48,27518,1720000,5.0,-78.79894,35.71192,53460679,5.0,4606.0
15,TOWNHOUSE,0.05,27616,305000,3.0,-78.56417,35.863422,60536875,3.0,1659.0
16,SINGLE_FAMILY,0.36,27587,600000,4.0,-78.51402,35.92864,62024601,3.0,3174.0
17,SINGLE_FAMILY,0.3,27607,678500,3.0,-78.68236,35.808178,6378091,2.0,1403.0
18,SINGLE_FAMILY,0.35,27511,410000,3.0,-78.77386,35.784668,6384322,2.0,1452.0
19,SINGLE_FAMILY,0.64,27529,426000,3.0,-78.61614,35.705032,6385682,3.0,2369.0
20,SINGLE_FAMILY,0.45998622589532,27609,440000,,-78.63998,35.852715,6386806,1.5,1486.0
21,SINGLE_FAMILY,0.28999081726354,27511,428000,3.0,-78.79267,35.782448,6392249,2.0,1350.0
22,MULTI_FAMILY,0.3,27608,825000,2.0,-78.66069,35.804085,6399802,1.0,955.0
23,SINGLE_FAMILY,0.46,27606,545000,4.0,-78.70431,35.768223,6410584,3.0,2900.0
24,SINGLE_FAMILY,0.24,27609,600000,3.0,-78.636284,35.853344,6422294,3.0,2050.0
25,SINGLE_FAMILY,0.57063820018365,27615,699000,3.0,-78.62052,35.881733,6432181,3.0,2957.0
26,SINGLE_FAMILY,4.9199954086318,27603,350000,,-78.671936,35.702915,6433831,1.0,1098.0
27,LOT,2.573,27616,1350000,,-78.58615,35.86887,6436829,,
28,LOT,0.85,27597,65000,0.0,-78.31777,35.865906,6445194,0.0,1288.0
29,TOWNHOUSE,0.1,27606,257000,3.0,-78.74139,35.77413,6446491,2.0,1300.0
30,TOWNHOUSE,0.05,27609,335000,2.0,-78.62691,35.860336,6457661,2.0,1384.0
31,SINGLE_FAMILY,1.1,27539,309500,,-78.737206,35.656326,6459128,2.0,1406.0
32,MULTI_FAMILY,0.3,27529,355000,6.0,-78.62259,35.68515,6462514,4.0,2400.0
33,MULTI_FAMILY,0.13999081726354454,27529,345000,6.0,-78.62232,35.68514,6462515,4.0,2400.0
34,SINGLE_FAMILY,0.059986225895316804,27609,165000,,-78.61015,35.866314,6473487,2.5,1424.0
35,SINGLE_FAMILY,0.26,27609,410000,4.0,-78.617165,35.867477,6473501,2.0,1988.0
36,SINGLE_FAMILY,0.13999999999999999,27616,233500,2.0,-78.56509,35.878967,6493505,2.0,1048.0
37,SINGLE_FAMILY,1.46,27520,375000,3.0,-78.49488,35.68799,6494229,2.0,1759.0
38,TOWNHOUSE,0.1,27612,465000,2.0,-78.68811,35.826893,6503461,3.0,1720.0
39,LOT,1.87,27615,160000,,-78.61357,35.91101,6508272,,
0,SINGLE_FAMILY,0.2,27518,595000,3.0,-78.77793,35.726376,6494865,3.0,2359.0
1,SINGLE_FAMILY,0.15,27613,600000,3.0,-78.68292,35.907253,6495465,3.0,2100.0
2,TOWNHOUSE,0.03,27615,280000,3.0,-78.64423,35.88415,6497880,2.0,1342.0
3,SINGLE_FAMILY,0.48,27540,390000,3.0,-78.81321,35.605827,6516949,3.0,1505.0
4,TOWNHOUSE,0.03,27603,285000,2.0,-78.681725,35.749966,6518398,2.0,1256.0
5,SINGLE_FAMILY,0.27,27613,525000,4.0,-78.7481,35.931602,6521293,3.0,2151.0
6,SINGLE_FAMILY,0.38,27513,555000,4.0,-78.83438,35.770237,6524199,3.0,2657.0
7,SINGLE_FAMILY,3.11,27613,540000,3.0,-78.69504,35.986225,6530510,3.0,1682.0
8,SINGLE_FAMILY,0.35,27540,430000,3.0,-78.870224,35.634377,65329480,3.0,1677.0
9,SINGLE_FAMILY,0.21000000000000002,27540,385000,3.0,-78.87376,35.63186,65334995,3.0,1664.0
10,SINGLE_FAMILY,0.15,27613,600000,4.0,-78.73003,35.88176,65336576,3.0,2538.0
11,TOWNHOUSE,0.03,27540,320000,3.0,-78.8314,35.674156,65343766,3.0,1470.0
12,SINGLE_FAMILY,0.22999999999999998,27612,651500,4.0,-78.674126,35.863113,6537177,4.0,2808.0
13,SINGLE_FAMILY,0.16,27519,639000,4.0,-78.85182,35.772327,6541584,3.0,2826.0
14,SINGLE_FAMILY,0.26,27615,500000,4.0,-78.6339,35.876705,6548664,3.0,2516.0
15,SINGLE_FAMILY,1.33,27529,480000,3.0,-78.60925,35.631886,6554537,3.0,2277.0
16,SINGLE_FAMILY,2.3,27587,540000,3.0,-78.63784,36.040905,6556555,3.0,2637.0
17,SINGLE_FAMILY,0.49,27592,553500,3.0,-78.7045,35.584106,68010873,3.0,2858.0
18,SINGLE_FAMILY,0.15,27603,525000,3.0,-78.66327,35.66946,71206653,3.0,2580.0
19,SINGLE_FAMILY,0.13,27614,650000,3.0,-78.580696,35.9249,71671668,3.0,2855.0
20,SINGLE_FAMILY,0.15,27526,465000,4.0,-78.79775,35.570625,82670433,3.0,2571.0
21,TOWNHOUSE,0.03,27587,386000,3.0,-78.503975,35.97394,94722834,3.0,1953.0
22,SINGLE_FAMILY,0.21000000000000002,27526,480000,4.0,-78.749626,35.572403,103764022,3.0,2402.0
23,SINGLE_FAMILY,0.13999999999999999,27523,636000,4.0,-78.829865,35.756474,103767212,3.0,2555.0
24,SINGLE_FAMILY,0.36,27539,825000,5.0,-78.754654,35.660423,118203369,5.0,3595.0
25,SINGLE_FAMILY,0.7,27526,850000,4.0,-78.756996,35.64018,118509260,4.0,3614.0
26,SINGLE_FAMILY,0.13999999999999999,27526,412000,4.0,-78.80787,35.578606,119340803,3.0,1801.0
27,SINGLE_FAMILY,0.29,27571,695000,5.0,-78.474525,35.936413,120560818,4.0,2968.0
28,SINGLE_FAMILY,0.22000000000000003,27540,676000,5.0,-78.856445,35.66945,122278706,4.0,3673.0
29,LOT,4.7099862258953,27617,860000,,-78.74555,35.905018,122279278,,
30,SINGLE_FAMILY,0.22998163452708908,27523,469000,,-78.832306,35.76099,124269055,2.5,2410.0
31,CONDO,0.0,27540,265000,2.0,-78.8098,35.658375,131707981,2.0,922.0
32,SINGLE_FAMILY,,27511,195000,,-78.791016,35.75844,132145026,,704.0
33,TOWNHOUSE,0.0,27605,440000,2.0,-78.650215,35.796078,132219996,3.0,1081.0
34,LOT,14.359986225895,27540,9238000,,-78.8548,35.64895,132343081,,
35,LOT,2.8199954086318,27616,1350000,,-78.58661,35.8692,133218022,0.0,1056.0
36,SINGLE_FAMILY,0.60998622589532,27603,1730000,,-78.646484,35.74629,133703478,1.5,1158.0
37,SINGLE_FAMILY,0.21000000000000002,27540,721438,4.0,,,2062395453,3.0,2883.0
38,LOT,5.16,27529,600000,,-78.592705,35.659073,215487353,,
39,SINGLE_FAMILY,0.32,27526,855000,6.0,-78.80348,35.627563,248750513,6.0,4324.0
0,SINGLE_FAMILY,0.27,27529,215000,3.0,-78.61207,35.708176,89496199,2.0,1479.0
1,TOWNHOUSE,0.06,27519,450000,3.0,-78.87034,35.814518,94722862,3.0,1734.0
2,SINGLE_FAMILY,0.13,27526,480000,4.0,-78.74931,35.572327,103766721,3.0,2458.0
3,SINGLE_FAMILY,0.2,27545,450000,5.0,-78.483925,35.81179,113223164,3.0,3272.0
4,SINGLE_FAMILY,0.09,27519,735000,4.0,-78.90761,35.83186,119341445,4.0,2830.0
5,SINGLE_FAMILY,1.84,27587,1325000,5.0,-78.59817,35.97507,122275353,5.0,4907.0
6,SINGLE_FAMILY,0.16,27616,440000,3.0,-78.52182,35.867256,124269266,3.0,2222.0
7,CONDO,0.0,27513,249000,2.0,-78.78544,35.812057,132150616,1.0,966.0
8,SINGLE_FAMILY,0.34,27612,1218226,5.0,-78.68643,35.866817,132196920,4.0,3968.0
9,TOWNHOUSE,0.0,27608,415000,2.0,-78.62213,35.812546,132249072,3.0,1675.0
10,SINGLE_FAMILY,0.16999999999999998,27540,771000,5.0,-78.82883,35.627373,133700166,5.0,4018.0
11,SINGLE_FAMILY,0.19,27616,625062,5.0,,,2062686194,4.0,2949.0
12,CONDO,0.0,27615,313000,2.0,,,2063071896,3.0,1200.0
13,SINGLE_FAMILY,0.1,27587,470000,4.0,,,2063420865,3.0,2202.0
14,SINGLE_FAMILY,0.387,27502,1286064,6.0,,,2064337331,6.0,5273.0
15,SINGLE_FAMILY,0.22000000000000003,27526,526750,3.0,,,2065511707,3.0,2632.0
16,SINGLE_FAMILY,0.16999999999999998,27526,478315,4.0,,,2065512005,3.0,2170.0
17,TOWNHOUSE,0.05,27523,429268,3.0,,,2066801529,3.0,1934.0
18,SINGLE_FAMILY,0.37,27562,878900,4.0,,,2067714013,4.0,3836.0
19,TOWNHOUSE,0.03,27616,367335,3.0,,,2067754448,4.0,1720.0
20,TOWNHOUSE,0.06,27591,390000,3.0,-78.42578,35.763306,248747795,3.0,1664.0
21,TOWNHOUSE,0.05,27502,407100,3.0,-78.88433,35.74343,305125109,3.0,1536.0
22,TOWNHOUSE,0.03,27587,326000,3.0,-78.54621,35.913147,305126317,3.0,1553.0
23,SINGLE_FAMILY,0.12998163452708908,27526,2000,3.0,-78.8086,35.58932,331658209,2.5,1979.0
24,SINGLE_FAMILY,0.76,27592,365000,4.0,-78.698395,35.543274,336866249,3.0,2136.0
25,SINGLE_FAMILY,0.13999999999999999,27591,537802,2.0,-78.423935,35.757576,336867168,2.0,1835.0
26,SINGLE_FAMILY,0.15,27603,410000,3.0,-78.68167,35.74852,50116685,3.0,1503.0
27,SINGLE_FAMILY,0.63,27539,635000,4.0,-78.73207,35.68814,53455387,4.0,2745.0
28,SINGLE_FAMILY,0.25,27604,437000,3.0,-78.55934,35.81014,60397986,2.0,1997.0
29,TOWNHOUSE,0.1,27616,300300,3.0,-78.54296,35.893787,60398433,3.0,1410.0
30,SINGLE_FAMILY,0.68,27540,865000,4.0,-78.79597,35.64932,60531807,4.0,4518.0
31,SINGLE_FAMILY,0.15,27604,385000,2.0,-78.6263,35.796707,6378236,1.0,827.0
32,SINGLE_FAMILY,0.39,27607,650000,4.0,-78.678764,35.82185,6413084,3.0,3842.0
33,LOT,0.22000000000000003,27597,80000,,-78.320145,35.82348,6414069,,
34,SINGLE_FAMILY,0.12998163452708908,27526,2000,3.0,-78.8086,35.58911,6420223,2.5,1979.0
35,SINGLE_FAMILY,0.47,27610,270000,3.0,-78.54389,35.761726,6421807,2.0,1260.0
36,SINGLE_FAMILY,0.38,27529,300000,3.0,-78.61576,35.70054,6436445,2.0,1135.0
37,SINGLE_FAMILY,1.59,27591,450000,4.0,-78.41844,35.77708,6457276,3.0,1865.0
38,SINGLE_FAMILY,1.11,27613,835711,4.0,-78.70804,35.92042,6476608,3.0,3236.0
39,TOWNHOUSE,0.06,27615,351500,2.0,-78.63754,35.892475,6485894,3.0,1647.0
0,SINGLE_FAMILY,0.25998622589532,27511,871800,3.0,-78.78723,35.785007,6418834,3.0,2671.0
1,SINGLE_FAMILY,0.21000000000000002,27605,700000,4.0,-78.646065,35.791534,6428518,4.0,2329.0
2,SINGLE_FAMILY,0.22999999999999998,27607,520000,2.0,-78.674034,35.797855,6430383,2.0,1461.0
3,TOWNHOUSE,0.04,27511,340000,3.0,-78.762314,35.76809,6445317,3.0,1582.0
4,SINGLE_FAMILY,0.18,27615,405000,3.0,-78.652794,35.878677,6449733,2.0,1180.0
5,SINGLE_FAMILY,2.37,27612,920000,4.0,-78.72647,35.856934,6455224,5.0,2739.0
6,SINGLE_FAMILY,0.3,27513,460000,4.0,-78.81128,35.783253,6489427,4.0,1886.0
7,SINGLE_FAMILY,1.16,27526,425000,3.0,-78.7889,35.629604,6499178,3.0,2106.0
8,SINGLE_FAMILY,1.08,27591,535000,3.0,-78.40834,35.75031,6500023,2.0,2675.0
9,SINGLE_FAMILY,1.21,27539,599000,3.0,-78.80038,35.690655,6513227,3.0,2581.0
10,SINGLE_FAMILY,0.92,27539,635000,4.0,-78.79291,35.687923,6520117,3.0,2951.0
11,SINGLE_FAMILY,0.22999999999999998,27545,465000,4.0,-78.513245,35.788654,6522355,3.0,2203.0
12,SINGLE_FAMILY,0.29,27612,551000,3.0,-78.6713,35.86447,6523406,3.0,2334.0
13,SINGLE_FAMILY,0.27,27518,600000,5.0,-78.77798,35.716393,6523906,3.0,2703.0
14,SINGLE_FAMILY,5.28,27614,4100000,4.0,-78.60324,35.934372,6524853,9.0,12178.0
15,SINGLE_FAMILY,0.13,27616,395000,3.0,-78.50707,35.888165,65337851,3.0,1744.0
16,SINGLE_FAMILY,0.3,27519,1080000,6.0,-78.91185,35.814068,65339221,6.0,4249.0
17,TOWNHOUSE,0.04,27612,450000,3.0,-78.702965,35.826485,65341578,4.0,2103.0
18,SINGLE_FAMILY,0.37,27540,750000,4.0,-78.821686,35.66071,65341875,3.0,2857.0
19,SINGLE_FAMILY,0.22999999999999998,27526,455000,3.0,-78.78209,35.606136,65343224,3.0,2411.0
20,SINGLE_FAMILY,0.49,27616,445000,2.0,-78.563515,35.858032,65344832,2.0,2354.0
21,SINGLE_FAMILY,0.16999999999999998,27610,405000,3.0,-78.55848,35.75762,65345089,3.0,2273.0
22,SINGLE_FAMILY,0.22000000000000003,27529,391000,3.0,-78.605255,35.691833,6538142,3.0,2145.0
23,SINGLE_FAMILY,0.22000000000000003,27612,700000,4.0,-78.67501,35.867184,6549295,3.0,2737.0
24,SINGLE_FAMILY,0.47,27518,558000,3.0,-78.78176,35.714638,6549573,2.0,1915.0
25,TOWNHOUSE,0.06999999999999999,27615,350000,3.0,-78.586044,35.897736,6550890,3.0,1846.0
26,SINGLE_FAMILY,0.19,27587,287700,2.0,-78.504,35.97777,6555602,2.0,892.0
27,SINGLE_FAMILY,0.5,27587,388000,3.0,-78.52886,35.939133,6556962,2.0,1644.0
28,SINGLE_FAMILY,0.22999999999999998,27540,452000,4.0,-78.82176,35.644897,67553096,3.0,1811.0
29,SINGLE_FAMILY,0.31,27587,830000,4.0,-78.49409,35.957222,67553637,4.0,3480.0
30,SINGLE_FAMILY,0.22000000000000003,27519,880000,4.0,-78.86789,35.818665,67554152,4.0,3186.0
31,TOWNHOUSE,0.05,27612,478000,3.0,-78.70125,35.826195,67554945,4.0,2562.0
32,TOWNHOUSE,0.03,27513,325000,3.0,-78.78808,35.79339,67555520,3.0,1392.0
33,SINGLE_FAMILY,0.13999999999999999,27540,450000,4.0,-78.84185,35.633255,67558557,3.0,2736.0
34,SINGLE_FAMILY,0.2,27529,435000,4.0,-78.5923,35.670536,69566579,3.0,3514.0
35,SINGLE_FAMILY,0.47,27617,1200000,4.0,-78.80355,35.909958,70394619,4.0,4699.0
36,SINGLE_FAMILY,0.28,27529,585000,4.0,-78.59463,35.67366,71207530,4.0,3011.0
37,SINGLE_FAMILY,0.15,27610,370000,5.0,-78.564606,35.75542,71843914,3.0,2034.0
38,SINGLE_FAMILY,0.25,27587,742000,7.0,-78.511185,35.91391,71845172,6.0,5653.0
39,SINGLE_FAMILY,0.13,27540,425000,4.0,-78.81704,35.613434,80205750,3.0,2601.0
0,SINGLE_FAMILY,0.21000000000000002,27529,655000,4.0,,,2065797946,4.0,3358.0
1,SINGLE_FAMILY,0.19,27616,652932,4.0,,,2066797428,3.0,2426.0
2,SINGLE_FAMILY,0.19,27540,628413,4.0,,,2067805081,4.0,3257.0
3,SINGLE_FAMILY,0.2,27519,953990,6.0,,,2068498386,6.0,3968.0
4,TOWNHOUSE,0.058,27560,508680,3.0,,,2068578521,3.0,1835.0
5,SINGLE_FAMILY,0.214,27587,627364,3.0,,,2068747428,3.0,2622.0
6,CONDO,0.0,27604,340000,2.0,-78.612854,35.818844,215487403,3.0,1260.0
7,SINGLE_FAMILY,0.19799999999999998,27540,660000,4.0,-78.87134,35.659725,215487651,3.0,2698.0
8,SINGLE_FAMILY,0.3,27529,530000,5.0,-78.62574,35.65156,215490907,4.0,2989.0
9,TOWNHOUSE,0.04,27610,322500,3.0,-78.55558,35.76063,215491537,3.0,1645.0
10,SINGLE_FAMILY,0.41,27571,830000,4.0,-78.46973,35.92912,215492192,5.0,2862.0
11,SINGLE_FAMILY,0.13,27587,570000,4.0,-78.51207,35.956295,215492914,4.0,2885.0
12,TOWNHOUSE,0.04,27587,350000,3.0,-78.48818,35.97954,215493452,3.0,1656.0
13,TOWNHOUSE,0.06,27502,528000,4.0,-78.88546,35.74184,246654745,4.0,2478.0
14,SINGLE_FAMILY,0.25,27502,850482,5.0,-78.92806,35.724854,248747665,5.0,4000.0
15,SINGLE_FAMILY,0.24,27519,865000,4.0,-78.876976,35.798584,248750674,3.0,3032.0
16,SINGLE_FAMILY,0.22599999999999998,27526,575000,4.0,-78.79674,35.62894,248750984,3.0,2372.0
17,TOWNHOUSE,0.004,27591,359500,3.0,-78.42674,35.760624,248754689,3.0,1700.0
18,TOWNHOUSE,0.08,27526,410000,3.0,-78.78711,35.580933,305116238,3.0,2101.0
19,SINGLE_FAMILY,0.33,27519,1060000,5.0,-78.89549,35.834824,305126320,4.0,4116.0
20,SINGLE_FAMILY,0.95,27615,1317914,4.0,-78.677216,35.943882,305126398,5.0,4315.0
21,SINGLE_FAMILY,0.15,27502,620000,3.0,-78.94393,35.73636,331648969,3.0,2158.0
22,SINGLE_FAMILY,1.7,27615,1862658,4.0,-78.67739,35.921043,336860821,7.0,4897.0
23,SINGLE_FAMILY,0.68,27603,725000,3.0,-78.67515,35.60635,336866222,3.0,2579.0
24,SINGLE_FAMILY,0.16999999999999998,27502,704694,5.0,-78.91292,35.732384,336867121,5.0,3511.0
25,SINGLE_FAMILY,0.69,27610,685000,3.0,-78.607124,35.780094,50096919,3.0,2822.0
26,SINGLE_FAMILY,0.18,27615,455000,3.0,-78.6085,35.868313,50099898,3.0,2065.0
27,SINGLE_FAMILY,0.36,27529,465000,3.0,-78.6179,35.651985,50120835,3.0,2848.0
28,SINGLE_FAMILY,0.16999999999999998,27526,390000,3.0,-78.7915,35.608925,53460511,2.0,1565.0
29,TOWNHOUSE,0.05,27606,340000,2.0,-78.716866,35.751827,53461900,3.0,1475.0
30,SINGLE_FAMILY,0.22000000000000003,27604,480000,4.0,-78.55571,35.814686,60397993,3.0,2524.0
31,SINGLE_FAMILY,1.01,27539,775000,4.0,-78.74516,35.686287,60534172,4.0,3349.0
32,SINGLE_FAMILY,0.49,27609,881000,4.0,-78.62581,35.82118,6376000,3.0,2460.0
33,SINGLE_FAMILY,0.29,27610,310000,3.0,-78.62295,35.751682,6378948,1.0,1011.0
34,SINGLE_FAMILY,0.25,27604,367728,3.0,-78.600235,35.826317,6380835,2.0,1823.0
35,SINGLE_FAMILY,0.51,27606,355001,3.0,-78.721924,35.779205,6383582,2.0,1178.0
36,SINGLE_FAMILY,0.31,27608,1685000,4.0,-78.65047,35.799664,6401881,5.0,4669.0
37,SINGLE_FAMILY,0.13999999999999999,27601,920000,3.0,-78.631035,35.783848,6403324,2.0,2423.0
38,SINGLE_FAMILY,0.3,27609,475000,3.0,-78.63717,35.84992,6406882,2.0,1933.0
39,SINGLE_FAMILY,0.27,27607,1525000,4.0,-78.67566,35.81112,6417057,4.0,4004.0
0,SINGLE_FAMILY,0.7,27592,380000,3.0,-78.68457,35.591465,68317447,3.0,1689.0
1,SINGLE_FAMILY,0.08999081726354453,27526,1795,2.0,-78.797195,35.576813,69567152,1.5,1149.0
2,SINGLE_FAMILY,0.49,27540,437000,3.0,-78.822014,35.64515,71842673,3.0,1961.0
3,TOWNHOUSE,0.03999081726354454,27519,2050,3.0,-78.903465,35.81805,79883528,2.5,1895.0
4,SINGLE_FAMILY,0.28,27539,750000,4.0,-78.75921,35.65545,81435502,4.0,3130.0
5,TOWNHOUSE,0.03,27519,417000,3.0,-78.90382,35.81828,81436576,3.0,1900.0
6,TOWNHOUSE,0.4,27519,425000,3.0,-78.91384,35.8255,83955919,3.0,1737.0
7,SINGLE_FAMILY,0.71,27529,464900,3.0,-78.53602,35.65412,88951385,3.0,2584.0
8,TOWNHOUSE,0.03,27519,395000,3.0,-78.89701,35.82648,89500295,4.0,1860.0
9,SINGLE_FAMILY,0.13999999999999999,27616,380000,2.0,-78.51096,35.897945,111573611,2.0,1845.0
10,TOWNHOUSE,0.12,27587,430000,3.0,-78.49348,35.96533,114204799,3.0,1967.0
11,SINGLE_FAMILY,0.13,27616,440000,4.0,-78.51711,35.86713,114314886,3.0,2440.0
12,SINGLE_FAMILY,0.16999540863177226,27526,2295,3.0,-78.77093,35.58796,116230574,2.5,2117.0
13,TOWNHOUSE,0.01,27610,292000,3.0,-78.54464,35.77586,119340802,3.0,1692.0
14,SINGLE_FAMILY,0.25,27587,675000,4.0,-78.501,35.962727,119341237,4.0,2849.0
15,SINGLE_FAMILY,0.21000000000000002,27587,625000,4.0,-78.48701,35.94148,120874437,4.0,2741.0
16,SINGLE_FAMILY,0.13999999999999999,27502,456250,3.0,-78.85261,35.725338,122067190,3.0,1819.0
17,SINGLE_FAMILY,0.22999999999999998,27613,785000,4.0,-78.71117,35.866283,122142882,4.0,3373.0
18,SINGLE_FAMILY,0.2,27540,805109,4.0,-78.776024,35.655872,122276797,3.0,2861.0
19,SINGLE_FAMILY,0.08,27502,615000,4.0,-78.84033,35.732754,122280086,3.0,2405.0
20,TOWNHOUSE,0.05,27606,395000,4.0,-78.73339,35.74627,125167277,3.0,2337.0
21,LOT,0.2,27526,80850,,-78.77915,35.606064,131712219,,
22,CONDO,0.0,27603,248800,3.0,-78.68429,35.750446,132183632,2.0,1192.0
23,CONDO,0.0,27607,270000,3.0,-78.69288,35.813587,132191228,2.0,990.0
24,CONDO,0.0,27605,400000,2.0,-78.65266,35.79426,132219736,2.0,1082.0
25,CONDO,0.0,27603,300000,1.0,-78.64522,35.785202,132221325,1.0,734.0
26,CONDO,0.0,27615,170000,2.0,-78.64548,35.875004,132231147,2.0,1008.0
27,SINGLE_FAMILY,0.32,27616,523500,4.0,-78.497345,35.850533,132301128,3.0,3223.0
28,SINGLE_FAMILY,0.27,27571,500000,5.0,-78.462395,35.929672,132314013,3.0,2501.0
29,SINGLE_FAMILY,0.19,27587,444000,3.0,-78.50221,35.999336,132335256,2.0,1656.0
30,LOT,0.2,27526,80850,,-78.779785,35.60592,132344759,,
31,LOT,0.2,27526,80850,,-78.77947,35.60599,132344761,,
32,SINGLE_FAMILY,0.8,27603,830000,4.0,-78.69663,35.643284,132346825,4.0,3540.0
33,SINGLE_FAMILY,1.15,27597,440000,3.0,-78.33526,35.79413,133226317,3.0,3427.0
34,SINGLE_FAMILY,0.699,27597,545000,3.0,,,2062924045,3.0,2496.0
35,TOWNHOUSE,,27502,2395,4.0,-78.92465,35.735104,2062985968,3.5,2145.0
36,SINGLE_FAMILY,0.147,27610,545850,3.0,,,2063063038,3.0,2082.0
37,SINGLE_FAMILY,0.08,27591,415000,3.0,,,2063269516,3.0,1718.0
38,SINGLE_FAMILY,0.13999999999999999,27616,619990,4.0,,,2064172868,3.0,2730.0
39,TOWNHOUSE,0.03,27545,408561,3.0,,,2065558988,4.0,2354.0
0,SINGLE_FAMILY,0.69,27603,440000,4.0,-78.65046,35.64561,60396561,3.0,2491.0
1,SINGLE_FAMILY,0.72,27587,665000,3.0,-78.54815,36.02089,60399282,3.0,2859.0
2,TOWNHOUSE,0.05,27614,305000,3.0,-78.56809,35.921425,60537327,3.0,1509.0
3,TOWNHOUSE,0.04,27604,209000,2.0,-78.54144,35.81363,62038343,2.0,918.0
4,SINGLE_FAMILY,0.65,27612,739000,4.0,-78.66999,35.875107,6382246,3.0,3411.0
5,SINGLE_FAMILY,0.94,27604,594450,4.0,-78.55879,35.828213,6391515,3.0,3835.0
6,SINGLE_FAMILY,1.06,27592,237500,3.0,-78.70883,35.558064,6392733,3.0,2393.0
7,SINGLE_FAMILY,0.7,27529,335000,3.0,-78.623566,35.725372,6394553,2.0,1206.0
8,SINGLE_FAMILY,1.06,27615,900000,4.0,-78.64864,35.918125,6396232,5.0,3837.0
9,LOT,0.58,27591,59000,,-78.45669,35.868195,6404051,,
10,SINGLE_FAMILY,0.55,27607,1700000,5.0,-78.67266,35.813557,6404741,5.0,4551.0
11,SINGLE_FAMILY,0.42,27529,320000,3.0,-78.62115,35.703003,6406651,2.0,1557.0
12,SINGLE_FAMILY,0.45,27615,2737500,4.0,-78.61613,35.874184,6417512,5.0,5975.0
13,SINGLE_FAMILY,0.35,27511,410000,4.0,-78.80602,35.765884,6436391,2.0,2008.0
14,SINGLE_FAMILY,0.52,27603,246000,2.0,-78.65618,35.709034,6437388,1.0,950.0
15,SINGLE_FAMILY,0.76,27616,475000,3.0,-78.55648,35.858665,6439443,3.0,2079.0
16,SINGLE_FAMILY,0.96,27606,590600,4.0,-78.75055,35.725548,6456958,3.0,2434.0
17,LOT,0.82,27539,77000,,-78.78687,35.667484,6457647,,
18,SINGLE_FAMILY,1.14,27615,825000,4.0,-78.64634,35.902496,6470707,3.0,3619.0
19,SINGLE_FAMILY,1.3,27614,681000,5.0,-78.6522,35.931522,6474007,5.0,2172.0
20,SINGLE_FAMILY,0.31,27610,360000,4.0,-78.60598,35.740902,6480259,3.0,2084.0
21,SINGLE_FAMILY,0.22000000000000003,27513,350000,3.0,-78.77287,35.798462,6481893,3.0,1467.0
22,SINGLE_FAMILY,0.84,27615,745000,4.0,-78.67146,35.89107,6483229,3.0,2611.0
23,CONDO,0.04,27604,262000,2.0,-78.582886,35.842186,6487490,2.0,1065.0
24,TOWNHOUSE,0.06,27615,305000,2.0,-78.64771,35.872932,6489983,2.0,1153.0
25,SINGLE_FAMILY,0.15,27511,430000,3.0,-78.80102,35.76664,6497766,3.0,1458.0
26,TOWNHOUSE,0.06,27615,310000,2.0,-78.64615,35.873455,6498988,2.0,1167.0
27,TOWNHOUSE,0.04,27502,365000,3.0,-78.831764,35.73865,6505072,3.0,1615.0
28,SINGLE_FAMILY,0.24,27539,355000,3.0,-78.73542,35.642754,6506800,2.0,1220.0
29,SINGLE_FAMILY,0.2,27513,593000,3.0,-78.82679,35.77276,6513073,3.0,2319.0
30,SINGLE_FAMILY,1.89,27587,725000,4.0,-78.56259,35.977215,6514454,5.0,3528.0
31,SINGLE_FAMILY,0.18,27613,425000,3.0,-78.746056,35.93021,6520595,3.0,1573.0
32,SINGLE_FAMILY,0.56,27615,1010000,5.0,-78.63151,35.898766,6525457,5.0,4511.0
33,SINGLE_FAMILY,0.33,27540,775000,4.0,-78.78553,35.658554,65335878,4.0,3060.0
34,SINGLE_FAMILY,0.88,27526,599900,3.0,-78.8305,35.604584,65338867,3.0,2217.0
35,SINGLE_FAMILY,0.54,27587,600000,4.0,-78.522575,35.913113,6549100,3.0,2454.0
36,SINGLE_FAMILY,0.25,27603,500000,4.0,-78.66954,35.741707,6555094,3.0,2037.0
37,SINGLE_FAMILY,0.54,27617,1319000,6.0,-78.801315,35.91583,67554648,7.0,6481.0
38,TOWNHOUSE,0.09,27617,490000,4.0,-78.73599,35.91646,67557232,3.0,2043.0
39,SINGLE_FAMILY,0.12998163452708908,27616,2100,4.0,-78.50725,35.89262,67558120,3.0,1998.0
0,SINGLE_FAMILY,0.35,27587,390000,3.0,-78.465294,35.951565,6538907,3.0,1526.0
1,SINGLE_FAMILY,0.19,27502,515900,3.0,-78.85128,35.734203,6543312,3.0,2028.0
2,SINGLE_FAMILY,0.21000000000000002,27529,325000,3.0,-78.60908,35.71884,6561177,2.0,1295.0
3,TOWNHOUSE,0.01,27612,410000,3.0,-78.739975,35.879017,6565279,3.0,2026.0
4,SINGLE_FAMILY,0.34,27587,625000,5.0,-78.52834,35.936184,67557981,4.0,4214.0
5,TOWNHOUSE,0.06,27612,441000,3.0,-78.71959,35.859844,68320477,3.0,1860.0
6,TOWNHOUSE,0.05,27560,620000,3.0,-78.82574,35.80728,69563224,4.0,2866.0
7,TOWNHOUSE,0.03,27614,355000,3.0,-78.55886,35.92245,69565980,3.0,1728.0
8,SINGLE_FAMILY,0.18,27545,405000,4.0,-78.50233,35.781654,81436565,3.0,2627.0
9,SINGLE_FAMILY,0.13999999999999999,27539,562920,4.0,-78.827,35.691307,83893794,3.0,2545.0
10,SINGLE_FAMILY,0.11000000000000001,27502,660000,3.0,-78.842575,35.74621,89494954,3.0,2680.0
11,SINGLE_FAMILY,0.21000000000000002,27587,610000,4.0,-78.5035,35.956623,89501055,3.0,2881.0
12,SINGLE_FAMILY,0.21000000000000002,27540,540000,4.0,-78.876595,35.6346,94723418,3.0,3041.0
13,SINGLE_FAMILY,0.11999540863177227,27610,2199,3.0,-78.61614,35.73328,102755376,2.5,1679.0
14,TOWNHOUSE,0.08,27519,470000,3.0,-78.90013,35.8045,122060381,3.0,1909.0
15,SINGLE_FAMILY,0.15,27502,692000,4.0,-78.9036,35.733814,122060746,3.0,2900.0
16,SINGLE_FAMILY,1.7,27526,1150000,4.0,-78.780396,35.64107,122282448,4.0,4058.0
17,SINGLE_FAMILY,0.205,27591,535000,3.0,-78.41908,35.768047,125165793,3.0,2544.0
18,SINGLE_FAMILY,0.38,27526,555000,5.0,-78.779976,35.567932,125166122,3.0,3210.0
19,CONDO,0.0,27617,385000,3.0,-78.79734,35.898945,132151769,3.0,1972.0
20,CONDO,0.0,27615,301000,2.0,-78.65041,35.891296,132228607,2.0,1280.0
21,CONDO,0.0,27609,290000,2.0,-78.605896,35.85138,132251074,2.0,1021.0
22,SINGLE_FAMILY,0.39,27529,490000,4.0,-78.580315,35.670673,133206470,3.0,2455.0
23,SINGLE_FAMILY,0.15,27610,460000,4.0,-78.58639,35.751366,133216025,3.0,2549.0
24,SINGLE_FAMILY,0.19,27540,520300,5.0,-78.83127,35.654118,133699034,3.0,2657.0
25,TOWNHOUSE,0.04,27587,391288,3.0,-78.48974,35.9787,133705556,3.0,1634.0
26,SINGLE_FAMILY,0.453,27587,900000,5.0,,,2062789206,4.0,4496.0
27,CONDO,0.0,27518,293000,3.0,,,2063074602,2.0,1325.0
28,SINGLE_FAMILY,0.184,27529,542000,4.0,,,2064233045,3.0,2417.0
29,CONDO,0.0,27511,224921,2.0,-78.79274,35.75751,2079468496,1.0,729.0
30,SINGLE_FAMILY,0.15,27603,530000,4.0,,,2090244978,3.0,2707.0
31,TOWNHOUSE,0.0,27606,395000,3.0,-78.73137,35.748116,215486016,3.0,2039.0
32,SINGLE_FAMILY,0.25,27502,905000,4.0,-78.921524,35.708138,248747620,4.0,3135.0
33,SINGLE_FAMILY,0.12,27591,500000,3.0,-78.427765,35.76075,248754407,3.0,2375.0
34,SINGLE_FAMILY,0.029981634527089074,27511,5995,3.0,-78.779205,35.78522,331656744,3.5,2956.0
35,SINGLE_FAMILY,0.17800000000000002,27610,590000,3.0,-78.548035,35.698895,336865616,3.0,2742.0
36,LOT,0.22998163452708908,27612,950124,,-78.71969,35.83138,336867486,,
37,CONDO,0.0,27617,490000,2.0,-78.79531,35.899715,336868062,2.0,1734.0
38,SINGLE_FAMILY,0.34,27529,500000,4.0,-78.61647,35.653008,50120821,3.0,3115.0
39,SINGLE_FAMILY,0.46,27603,334200,3.0,-78.6621,35.634064,53457969,2.0,1369.0
0,TOWNHOUSE,0.11000000000000001,27519,570000,4.0,-78.89744,35.819576,215485561,3.0,2335.0
1,SINGLE_FAMILY,0.29,27539,756470,4.0,-78.8185,35.674004,248741753,3.0,2990.0
2,SINGLE_FAMILY,0.15,27616,470000,4.0,-78.512054,35.90357,248748569,3.0,2464.0
3,SINGLE_FAMILY,0.18,27587,635000,5.0,-78.51681,35.957382,248753189,5.0,3208.0
4,SINGLE_FAMILY,0.22999999999999998,27526,650000,4.0,-78.77348,35.61628,248756578,4.0,2992.0
5,SINGLE_FAMILY,0.69,27540,695000,4.0,-78.86159,35.572075,305116516,4.0,3110.0
6,SINGLE_FAMILY,0.211,27545,591591,5.0,-78.46085,35.798985,305116978,4.0,3427.0
7,SINGLE_FAMILY,0.59,27562,1280000,5.0,-78.952835,35.68283,305118133,5.0,3944.0
8,TOWNHOUSE,0.02,27607,575000,4.0,-78.73778,35.80439,305125825,4.0,2157.0
9,SINGLE_FAMILY,0.15,27502,615000,3.0,-78.94407,35.735893,331648955,3.0,2160.0
10,TOWNHOUSE,0.03,27511,1300000,3.0,-78.77912,35.78522,331657087,4.0,2471.0
11,SINGLE_FAMILY,0.19,27615,585000,3.0,-78.65863,35.87995,50106368,2.0,2000.0
12,SINGLE_FAMILY,0.24,27502,550000,4.0,-78.90827,35.73458,50118534,3.0,2325.0
13,TOWNHOUSE,0.13,27540,395000,3.0,-78.79356,35.656796,50120685,3.0,2056.0
14,MANUFACTURED,1.0,27526,160000,3.0,-78.76829,35.542942,53460324,2.0,2280.0
15,SINGLE_FAMILY,1.08,27603,462000,3.0,-78.69256,35.64936,53460676,3.0,1540.0
16,TOWNHOUSE,0.13999999999999999,27614,390000,3.0,-78.56276,35.936684,60537201,2.0,1462.0
17,SINGLE_FAMILY,0.19,27587,299500,3.0,-78.49837,35.988712,6375657,1.0,1345.0
18,SINGLE_FAMILY,0.12,27601,1160000,3.0,-78.63027,35.78334,6401045,3.0,2456.0
19,SINGLE_FAMILY,0.3,27511,1250000,4.0,-78.7896,35.785656,6405219,4.0,3566.0
20,SINGLE_FAMILY,0.33,27608,736842,3.0,-78.63664,35.812317,6429732,3.0,2201.0
21,SINGLE_FAMILY,0.51,27529,435000,4.0,-78.59722,35.693054,6437120,3.0,2500.0
22,SINGLE_FAMILY,0.3,27513,435000,4.0,-78.7827,35.798103,6442438,3.0,2067.0
23,SINGLE_FAMILY,1.36,27615,860000,4.0,-78.67654,35.90884,6451530,3.0,3153.0
24,TOWNHOUSE,0.02,27612,265000,2.0,-78.664856,35.85637,6458696,2.0,1400.0
25,TOWNHOUSE,0.03,27615,320000,2.0,-78.64029,35.878826,6473394,3.0,1344.0
26,TOWNHOUSE,0.03,27612,321500,2.0,-78.71031,35.852673,6491813,3.0,1271.0
27,SINGLE_FAMILY,0.29,27545,350000,3.0,-78.48546,35.788887,6492316,3.0,1321.0
28,SINGLE_FAMILY,0.29,27613,572500,4.0,-78.71604,35.879322,6493305,3.0,2354.0
29,SINGLE_FAMILY,0.73,27526,405000,3.0,-78.75257,35.63166,6494275,3.0,1834.0
30,TOWNHOUSE,0.03,27612,305000,2.0,-78.71758,35.836277,6504799,3.0,1224.0
31,SINGLE_FAMILY,0.1,27513,635000,3.0,-78.83991,35.797775,6506602,3.0,2181.0
32,SINGLE_FAMILY,0.3,27513,550000,3.0,-78.83127,35.77472,6510829,3.0,2248.0
33,SINGLE_FAMILY,0.16999999999999998,27616,455000,4.0,-78.526245,35.880825,6520425,3.0,2083.0
34,SINGLE_FAMILY,0.7,27526,525000,3.0,-78.73934,35.630238,6531678,3.0,2014.0
35,SINGLE_FAMILY,0.22000000000000003,27616,385000,4.0,-78.570564,35.85568,65332468,3.0,1800.0
36,SINGLE_FAMILY,0.31,27606,685000,5.0,-78.71032,35.770966,65335232,3.0,2880.0
37,SINGLE_FAMILY,0.19,27519,481000,3.0,-78.86179,35.774197,6533787,3.0,1945.0
38,SINGLE_FAMILY,0.18,27571,411000,3.0,-78.466866,35.911892,65341020,3.0,2134.0
39,SINGLE_FAMILY,0.19,27519,620000,3.0,-78.86214,35.772884,6534606,3.0,2257.0
0,SINGLE_FAMILY,0.84,27612,717500,4.0,-78.69327,35.83742,6414813,3.0,2678.0
1,SINGLE_FAMILY,0.74,27615,380000,4.0,-78.60064,35.865604,6416622,2.0,3449.0
2,SINGLE_FAMILY,0.25,27604,350000,3.0,-78.615364,35.80195,6427115,1.0,1080.0
3,SINGLE_FAMILY,0.35,27511,390000,4.0,-78.75185,35.775036,6432274,3.0,2603.0
4,SINGLE_FAMILY,0.34,27529,360000,3.0,-78.63839,35.70566,6456742,2.0,1492.0
5,SINGLE_FAMILY,0.1,27518,545000,3.0,-78.77357,35.730446,6486789,3.0,2776.0
6,TOWNHOUSE,0.03,27615,280000,2.0,-78.64271,35.8828,6486842,2.0,1220.0
7,TOWNHOUSE,0.04,27511,300000,2.0,-78.79759,35.77725,6490908,3.0,1224.0
8,SINGLE_FAMILY,0.16999999999999998,27513,415000,3.0,-78.7932,35.81361,6496545,3.0,1825.0
9,SINGLE_FAMILY,0.18,27513,460500,3.0,-78.777954,35.80053,6501268,3.0,1901.0
10,SINGLE_FAMILY,0.24,27545,360000,3.0,-78.45313,35.768948,65333853,2.0,1406.0
11,SINGLE_FAMILY,0.29,27540,400000,2.0,-78.872086,35.632465,65335678,3.0,1626.0
12,LOT,4.9,27529,600000,,-78.541595,35.70694,65344949,,
13,SINGLE_FAMILY,0.26,27613,460000,3.0,-78.740234,35.92454,6540974,3.0,1991.0
14,SINGLE_FAMILY,0.28,27519,626750,4.0,-78.86636,35.767292,6557538,3.0,2222.0
15,SINGLE_FAMILY,0.21000000000000002,27518,700000,4.0,-78.7574,35.743347,6562330,3.0,3439.0
16,TOWNHOUSE,0.04,27519,415500,2.0,-78.91229,35.82379,68320764,3.0,1756.0
17,SINGLE_FAMILY,0.35,27587,470000,4.0,-78.47938,35.960285,69566800,3.0,2205.0
18,TOWNHOUSE,0.04,27606,317500,3.0,-78.71231,35.78791,70488014,3.0,1500.0
19,SINGLE_FAMILY,0.4,27539,885000,4.0,-78.76011,35.655857,79886775,3.0,3727.0
20,SINGLE_FAMILY,0.16,27529,337000,3.0,-78.62136,35.720413,80208056,2.0,1375.0
21,TOWNHOUSE,0.06,27617,400000,3.0,-78.74219,35.88891,81436000,3.0,1776.0
22,SINGLE_FAMILY,0.2,27526,415000,3.0,-78.809135,35.573994,81761989,3.0,2303.0
23,SINGLE_FAMILY,1.05,27610,375000,3.0,-78.501114,35.743103,88948003,2.0,1500.0
24,TOWNHOUSE,0.06999999999999999,27519,484500,3.0,-78.91285,35.825336,89496462,3.0,2050.0
25,TOWNHOUSE,0.06999999999999999,27539,401000,4.0,-78.82576,35.687008,89498351,4.0,2153.0
26,TOWNHOUSE,0.06999999999999999,27560,381000,3.0,-78.84745,35.851852,92420856,3.0,1473.0
27,SINGLE_FAMILY,0.41,27540,1625000,6.0,-78.87195,35.665863,122075091,6.0,5356.0
28,SINGLE_FAMILY,0.13999999999999999,27616,450000,4.0,-78.5239,35.8641,125168884,3.0,2340.0
29,CONDO,0.0,27612,275000,2.0,-78.71629,35.835453,132171583,2.0,1063.0
30,TOWNHOUSE,0.0,27609,317000,2.0,-78.63442,35.830986,132222436,2.0,1120.0
31,TOWNHOUSE,0.03,27540,350000,3.0,-78.82581,35.679596,133703022,3.0,1724.0
32,CONDO,0.0,27526,322500,2.0,,,2062301155,2.0,912.0
33,CONDO,0.0,27526,313950,2.0,,,2062305258,2.0,912.0
34,CONDO,0.0,27526,325900,2.0,,,2062305279,2.0,905.0
35,SINGLE_FAMILY,0.13,27608,660000,2.0,,,2062891978,1.0,1296.0
36,SINGLE_FAMILY,,27597,380650,4.0,,,2064180298,3.0,1918.0
37,TOWNHOUSE,0.07300000000000001,27523,531177,5.0,,,2066801551,5.0,2760.0
38,SINGLE_FAMILY,0.16,27591,790763,4.0,,,2067914804,3.0,3222.0
39,SINGLE_FAMILY,0.18,27616,505000,4.0,-78.512024,35.83769,215484338,3.0,2674.0
0,TOWNHOUSE,0.05,27614,395000,3.0,-78.57762,35.922657,69565702,3.0,2108.0
1,SINGLE_FAMILY,1.34,27597,330000,3.0,-78.28413,35.802086,71204461,2.0,1855.0
2,TOWNHOUSE,0.08,27560,524900,3.0,-78.83873,35.826103,71845606,3.0,2350.0
3,SINGLE_FAMILY,0.16999999999999998,27540,530000,4.0,-78.86099,35.640095,71898894,3.0,2754.0
4,TOWNHOUSE,0.08,27539,470000,3.0,-78.75506,35.665356,80202526,3.0,2436.0
5,SINGLE_FAMILY,0.15,27610,406700,4.0,-78.545975,35.7279,81748069,3.0,2363.0
6,TOWNHOUSE,0.04,27519,340000,2.0,-78.850266,35.834618,82670046,3.0,1380.0
7,TOWNHOUSE,0.08,27502,375000,3.0,-78.82703,35.7277,82675582,3.0,1326.0
8,SINGLE_FAMILY,0.22999999999999998,27540,655000,4.0,-78.87052,35.628,82677262,3.0,2778.0
9,SINGLE_FAMILY,0.22999999999999998,27540,595000,3.0,-78.77705,35.657368,89498191,3.0,2499.0
10,TOWNHOUSE,0.03,27607,459400,2.0,-78.67254,35.800755,122279280,3.0,1467.0
11,SINGLE_FAMILY,0.16,27603,591600,4.0,-78.69925,35.66118,133702832,3.0,2893.0
12,SINGLE_FAMILY,0.15,27616,490000,4.0,-78.51153,35.83856,133704265,3.0,2671.0
13,CONDO,0.0,27511,275000,2.0,,,2062627914,2.0,1100.0
14,CONDO,0.0,27615,215000,2.0,,,2062663543,2.0,1129.0
15,SINGLE_FAMILY,0.8,27616,540000,4.0,,,2062911640,3.0,2455.0
16,SINGLE_FAMILY,0.208,27526,616787,5.0,,,2065559320,4.0,3093.0
17,SINGLE_FAMILY,4.9,27529,600000,2.0,,,2065716414,2.0,1278.0
18,SINGLE_FAMILY,0.18,27562,625000,3.0,,,2066391716,3.0,2850.0
19,SINGLE_FAMILY,0.19399999999999998,27529,590000,5.0,,,2066573212,4.0,3037.0
20,SINGLE_FAMILY,0.143,27591,613000,4.0,,,2070237209,3.0,2520.0
21,CONDO,0.0,27540,236500,1.0,,,2085914259,2.0,755.0
22,SINGLE_FAMILY,0.61,27592,640000,4.0,-78.72818,35.587994,215484985,3.0,2610.0
23,TOWNHOUSE,0.06,27529,375000,3.0,-78.61199,35.689693,215486421,3.0,2101.0
24,SINGLE_FAMILY,0.08,27523,590000,4.0,-78.9186,35.737762,244488911,4.0,2370.0
25,SINGLE_FAMILY,6.98,27587,835000,3.0,-78.48509,35.87528,248751525,4.0,2105.0
26,TOWNHOUSE,0.05,27529,375000,3.0,-78.614845,35.693115,248756641,3.0,1618.0
27,SINGLE_FAMILY,0.44,27545,665000,4.0,-78.536026,35.776043,305115981,4.0,3945.0
28,TOWNHOUSE,0.05,27502,432500,3.0,-78.83607,35.72814,305118204,4.0,1850.0
29,SINGLE_FAMILY,1.01,27615,2072136,4.0,-78.67932,35.942726,305126418,5.0,5076.0
30,TOWNHOUSE,0.05,27616,391900,3.0,-78.52685,35.849674,336867720,3.0,1629.0
31,TOWNHOUSE,0.06,27601,801509,3.0,-78.627464,35.777607,336868742,4.0,2034.0
32,SINGLE_FAMILY,0.19,27615,675000,4.0,-78.67524,35.892277,50100574,3.0,2967.0
33,SINGLE_FAMILY,0.16999999999999998,27540,505000,4.0,-78.86832,35.632492,50120783,3.0,3274.0
34,SINGLE_FAMILY,0.34,27614,750000,4.0,-78.56768,35.91672,53455919,4.0,3075.0
35,TOWNHOUSE,0.04,27612,310000,3.0,-78.71727,35.85357,53461051,3.0,1702.0
36,SINGLE_FAMILY,0.16999999999999998,27604,363000,3.0,-78.572716,35.813545,60397136,2.0,1491.0
37,TOWNHOUSE,0.05,27614,415000,2.0,-78.59478,35.9139,60536652,3.0,1961.0
38,SINGLE_FAMILY,0.28,27609,470000,3.0,-78.64251,35.860188,6389229,2.0,1275.0
39,SINGLE_FAMILY,0.28,27604,305000,3.0,-78.59299,35.8261,6409000,3.0,1693.0
0,SINGLE_FAMILY,1.49,27540,850000,4.0,-78.857544,35.602104,305116482,4.0,3847.0
1,TOWNHOUSE,0.06999999999999999,27502,550000,4.0,-78.92345,35.727276,305122766,4.0,2506.0
2,TOWNHOUSE,0.06,27597,317260,3.0,-78.28817,35.835743,336866847,3.0,1738.0
3,SINGLE_FAMILY,1.86,27614,900000,5.0,-78.611725,35.9204,50100084,6.0,5855.0
4,SINGLE_FAMILY,0.15,27613,510000,4.0,-78.72121,35.890465,50101900,3.0,2249.0
5,SINGLE_FAMILY,0.22999999999999998,27616,475300,4.0,-78.559616,35.838676,50105749,3.0,3018.0
6,TOWNHOUSE,0.06,27612,515000,3.0,-78.67848,35.848267,50119315,3.0,2070.0
7,SINGLE_FAMILY,0.29,27610,270000,3.0,-78.61822,35.75222,6376032,1.0,1176.0
8,SINGLE_FAMILY,0.76,27529,305000,3.0,-78.55,35.678654,6384003,2.0,1144.0
9,SINGLE_FAMILY,0.16,27601,404250,3.0,-78.633606,35.767673,6394407,2.0,1187.0
10,SINGLE_FAMILY,1.67,27612,700000,4.0,-78.67499,35.85281,6400891,4.0,4510.0
11,SINGLE_FAMILY,1.38,27526,1150000,4.0,-78.78995,35.642624,6415507,4.0,5187.0
12,SINGLE_FAMILY,0.34,27608,1150000,4.0,-78.64061,35.816643,6417484,4.0,3522.0
13,SINGLE_FAMILY,0.6,27587,255000,3.0,-78.68861,36.00986,6422643,1.0,1178.0
14,SINGLE_FAMILY,0.42998163452709,27511,475000,3.0,-78.80701,35.755367,6438293,2.0,1811.0
15,SINGLE_FAMILY,0.94,27606,600000,3.0,-78.74757,35.70835,6458728,2.0,2025.0
16,SINGLE_FAMILY,0.16999999999999998,27613,400000,3.0,-78.7078,35.87587,6472820,2.0,1466.0
17,SINGLE_FAMILY,1.33,27526,315000,3.0,-78.817955,35.565804,6473971,2.0,1329.0
18,SINGLE_FAMILY,0.36,27615,751000,4.0,-78.60259,35.897877,6477617,3.0,3196.0
19,SINGLE_FAMILY,1.69,27519,879000,4.0,-78.88944,35.76939,6486225,5.0,3144.0
20,TOWNHOUSE,0.05,27513,330000,2.0,-78.79276,35.794632,6486800,2.0,1209.0
21,SINGLE_FAMILY,0.2,27610,350000,4.0,-78.5476,35.75524,6493945,3.0,2012.0
22,SINGLE_FAMILY,0.79,27603,350000,3.0,-78.61957,35.616493,6504692,2.0,1366.0
23,SINGLE_FAMILY,0.22000000000000003,27545,381000,3.0,-78.50957,35.78879,6505821,3.0,1552.0
24,SINGLE_FAMILY,0.16,27513,385000,2.0,-78.82739,35.7663,6508752,2.0,1226.0
25,SINGLE_FAMILY,0.56,27613,705000,4.0,-78.693085,35.888233,6513129,4.0,2959.0
26,SINGLE_FAMILY,0.33,27613,775000,4.0,-78.697395,35.885834,6517873,3.0,3092.0
27,SINGLE_FAMILY,0.88,27526,684000,4.0,-78.73844,35.627506,6532518,3.0,2820.0
28,SINGLE_FAMILY,0.24,27540,435000,3.0,-78.86994,35.63214,65329182,3.0,2715.0
29,SINGLE_FAMILY,0.18,27540,406801,3.0,-78.87092,35.634117,65329471,3.0,1672.0
30,SINGLE_FAMILY,0.13,27540,410000,3.0,-78.83129,35.66558,65341839,3.0,1764.0
31,TOWNHOUSE,0.04,27606,375000,2.0,-78.710724,35.751366,65342360,3.0,1324.0
32,SINGLE_FAMILY,1.89,27597,499009,4.0,-78.28057,35.84732,6539184,3.0,2913.0
33,SINGLE_FAMILY,0.3,27540,430000,3.0,-78.86149,35.633453,6548172,3.0,1765.0
34,SINGLE_FAMILY,0.27,27540,445000,5.0,-78.82751,35.646095,6548627,3.0,2108.0
35,SINGLE_FAMILY,0.214,27616,380000,3.0,-78.56035,35.835545,6552808,3.0,1656.0
36,SINGLE_FAMILY,0.22000000000000003,27545,331000,3.0,-78.4541,35.76577,6563521,2.0,1230.0
37,SINGLE_FAMILY,0.15,27502,380000,3.0,-78.86233,35.724262,6565616,2.0,1150.0
38,SINGLE_FAMILY,0.29,27603,535000,3.0,-78.66708,35.66812,68317025,3.0,2400.0
39,SINGLE_FAMILY,0.39,27571,437500,4.0,-78.45841,35.93239,68319946,3.0,2477.0
0,SINGLE_FAMILY,0.24,27519,725000,4.0,-78.86653,35.781128,6536825,3.0,2287.0
1,SINGLE_FAMILY,3.95,27539,980000,5.0,-78.817566,35.69839,6536910,5.0,4437.0
2,SINGLE_FAMILY,0.21000000000000002,27518,725000,5.0,-78.78302,35.73007,6537199,3.0,3386.0
3,SINGLE_FAMILY,0.43,27513,1025000,4.0,-78.78164,35.82488,6539156,4.0,4100.0
4,SINGLE_FAMILY,0.91999540863177,27591,80000,1.0,-78.41725,35.7732,6544519,1.0,786.0
5,SINGLE_FAMILY,0.3,27612,770000,4.0,-78.71342,35.824497,6549179,3.0,2730.0
6,SINGLE_FAMILY,0.188,27519,837000,4.0,-78.85257,35.76898,6558076,4.0,3016.0
7,SINGLE_FAMILY,0.35,27518,775000,4.0,-78.805466,35.711674,6560007,3.0,2923.0
8,SINGLE_FAMILY,1.3,27587,655000,3.0,-78.70187,35.993435,6564825,3.0,2718.0
9,TOWNHOUSE,0.03,27587,300000,2.0,-78.51371,35.966305,67558500,3.0,1380.0
10,SINGLE_FAMILY,1.65,27526,700000,4.0,-78.776436,35.553944,70487429,4.0,3293.0
11,TOWNHOUSE,0.05,27519,2350,3.0,-78.90361,35.84451,92415907,3.0,1637.0
12,TOWNHOUSE,0.04,27612,368000,2.0,-78.73488,35.875683,94722912,3.0,1695.0
13,SINGLE_FAMILY,0.633,27587,750000,4.0,-78.54628,36.005875,94724850,5.0,4272.0
14,TOWNHOUSE,0.03,27606,440000,3.0,-78.72845,35.747715,114329795,3.0,1856.0
15,SINGLE_FAMILY,0.13,27587,460000,4.0,-78.4659,35.96121,119341863,3.0,2227.0
16,SINGLE_FAMILY,0.33,27539,745000,5.0,-78.72857,35.6416,122278399,4.0,3195.0
17,TOWNHOUSE,0.1,27612,825000,3.0,-78.691765,35.83284,122278658,3.0,2559.0
18,SINGLE_FAMILY,0.34,27571,551000,4.0,-78.45695,35.9116,125168479,4.0,2908.0
19,TOWNHOUSE,0.0,27615,300000,2.0,-78.678665,35.89242,132194617,3.0,1167.0
20,TOWNHOUSE,0.03,27612,387500,3.0,-78.72409,35.869568,133201060,4.0,1928.0
21,SINGLE_FAMILY,1.45,27613,1520000,4.0,-78.714035,35.89597,133704421,6.0,6326.0
22,CONDO,0.0,27526,306850,2.0,,,2062301182,2.0,905.0
23,SINGLE_FAMILY,0.16999999999999998,27526,469871,4.0,,,2062302140,3.0,2170.0
24,CONDO,0.0,27526,300000,2.0,,,2062305256,1.0,802.0
25,CONDO,0.0,27526,309500,2.0,,,2062305257,2.0,905.0
26,SINGLE_FAMILY,0.16999999999999998,27591,539354,4.0,,,2062404031,3.0,2004.0
27,SINGLE_FAMILY,0.26,27502,995000,5.0,,,2063020859,5.0,4251.0
28,SINGLE_FAMILY,0.164,27529,545000,4.0,,,2063372258,3.0,2537.0
29,TOWNHOUSE,0.053,27610,391000,3.0,,,2065512553,3.0,1689.0
30,SINGLE_FAMILY,0.21000000000000002,27526,663277,5.0,,,2065565929,5.0,3077.0
31,TOWNHOUSE,0.042,27608,358500,3.0,,,2065655835,3.0,1458.0
32,SINGLE_FAMILY,0.177,27529,535925,4.0,,,2065764235,3.0,2472.0
33,LOT,0.468,27608,975000,,,,2066044578,,
34,TOWNHOUSE,0.06,27601,800084,3.0,,,2066781905,4.0,2034.0
35,TOWNHOUSE,0.09,27597,317247,3.0,,,2067008184,3.0,1590.0
36,SINGLE_FAMILY,0.16999999999999998,27540,671775,3.0,,,2067636102,5.0,3302.0
37,SINGLE_FAMILY,0.16999999999999998,27545,462716,5.0,,,2068519665,4.0,2488.0
38,SINGLE_FAMILY,0.13999999999999999,27591,585000,4.0,,,2070844459,3.0,2689.0
39,SINGLE_FAMILY,0.338,27502,1362500,5.0,-78.902054,35.706757,215488885,7.0,5124.0
0,SINGLE_FAMILY,1.43,27529,395000,3.0,-78.56694,35.664803,53460737,2.0,2346.0
1,SINGLE_FAMILY,0.69,27606,755000,4.0,-78.72148,35.745724,53461466,3.0,2656.0
2,SINGLE_FAMILY,0.27,27526,357000,3.0,-78.76697,35.583412,60393452,3.0,1554.0
3,SINGLE_FAMILY,0.6,27604,475000,5.0,-78.549355,35.813736,60398020,3.0,2449.0
4,SINGLE_FAMILY,0.25,27616,525000,5.0,-78.54201,35.891266,60398193,4.0,3180.0
5,SINGLE_FAMILY,0.21000000000000002,27616,415000,3.0,-78.51211,35.881443,60398605,2.0,1376.0
6,SINGLE_FAMILY,0.12,27603,435000,3.0,-78.670105,35.744488,60535266,3.0,1629.0
7,MANUFACTURED,1.92,27529,240000,3.0,-78.55284,35.671375,60535829,2.0,1210.0
8,TOWNHOUSE,0.029,27610,230000,2.0,-78.55522,35.762882,60537796,3.0,1218.0
9,TOWNHOUSE,0.03,27606,223000,2.0,-78.724625,35.785355,62038037,3.0,960.0
10,SINGLE_FAMILY,0.82,27612,540000,4.0,-78.689186,35.85759,6376442,4.0,2961.0
11,SINGLE_FAMILY,0.82,27612,685000,4.0,-78.66489,35.87211,6391724,4.0,2877.0
12,SINGLE_FAMILY,1.44,27597,335000,3.0,-78.31766,35.872547,6392791,3.0,1819.0
13,SINGLE_FAMILY,1.07,27614,534000,3.0,-78.66118,35.932827,6396943,3.0,3373.0
14,SINGLE_FAMILY,0.16999999999999998,27610,270000,3.0,-78.62216,35.768356,6398007,1.0,935.0
15,SINGLE_FAMILY,0.57,27511,1295000,3.0,-78.78644,35.74613,6399388,5.0,4255.0
16,SINGLE_FAMILY,0.6,27511,1475000,4.0,-78.78604,35.7463,6401682,4.0,4263.0
17,SINGLE_FAMILY,0.24,27513,902860,3.0,-78.7855,35.793205,6416076,4.0,4079.0
18,SINGLE_FAMILY,0.32,27609,770000,4.0,-78.62895,35.84177,6428641,3.0,2513.0
19,SINGLE_FAMILY,0.3,27513,395000,3.0,-78.80017,35.78953,6437871,2.0,1506.0
20,SINGLE_FAMILY,0.47,27591,210000,4.0,-78.38324,35.81552,6438787,2.0,1437.0
21,SINGLE_FAMILY,0.3,27511,475500,4.0,-78.767555,35.786068,6442081,3.0,1785.0
22,SINGLE_FAMILY,0.69,27545,310000,3.0,-78.45616,35.763206,6451570,1.0,1070.0
23,SINGLE_FAMILY,0.59,27613,730000,4.0,-78.722725,35.900974,6455880,3.0,3073.0
24,SINGLE_FAMILY,0.34,27529,350000,3.0,-78.63733,35.706184,6460243,2.0,1282.0
25,SINGLE_FAMILY,4.17,27591,525000,3.0,-78.41734,35.77389,6461583,2.0,2128.0
26,LOT,1.04,27591,525000,,-78.41625,35.775005,6471575,,
27,SINGLE_FAMILY,0.6,27518,735000,5.0,-78.770996,35.72841,6481853,3.0,3366.0
28,TOWNHOUSE,0.02,27511,247400,2.0,-78.812515,35.75668,6486447,3.0,1105.0
29,MANUFACTURED,11.25,27596,310000,4.0,-78.38298,35.93337,6499475,3.0,1708.0
30,TOWNHOUSE,0.05,27520,280000,3.0,-78.50127,35.680096,6500305,2.0,1430.0
31,TOWNHOUSE,0.03,27606,270000,2.0,-78.73364,35.78032,6504487,3.0,1250.0
32,SINGLE_FAMILY,0.19,27513,530000,4.0,-78.83053,35.772648,6508564,3.0,2061.0
33,SINGLE_FAMILY,0.69,27603,325000,3.0,-78.64309,35.61488,6509124,3.0,1440.0
34,MANUFACTURED,0.18,27587,80000,3.0,-78.5058,35.981037,6520319,2.0,1500.0
35,SINGLE_FAMILY,0.22999999999999998,27502,362000,3.0,-78.84985,35.722664,6520900,2.0,1142.0
36,SINGLE_FAMILY,0.31,27613,700000,4.0,-78.70544,35.88494,6523251,3.0,3042.0
37,SINGLE_FAMILY,1.86,27614,600000,3.0,-78.68356,35.968655,6527230,3.0,2197.0
38,SINGLE_FAMILY,0.43,27612,740000,4.0,-78.73824,35.87301,6527423,3.0,3029.0
39,SINGLE_FAMILY,0.24,27616,393000,4.0,-78.52585,35.86859,65335570,3.0,1991.0
0,SINGLE_FAMILY,0.16,27526,420000,3.0,-78.7689,35.614716,103762944,3.0,1800.0
1,TOWNHOUSE,0.05,27560,415000,3.0,-78.85001,35.848618,120874386,3.0,1733.0
2,SINGLE_FAMILY,0.18,27526,375000,3.0,-78.7484,35.585785,122276323,2.0,1623.0
3,SINGLE_FAMILY,0.32,27608,1600000,4.0,-78.65407,35.804146,132217183,4.0,2685.0
4,CONDO,0.0,27610,160000,2.0,-78.60777,35.79939,132245869,2.0,1012.0
5,MULTI_FAMILY,0.44,27604,440000,,,,2062731264,,2572.0
6,SINGLE_FAMILY,0.25,27540,606820,4.0,,,2063306139,3.0,2883.0
7,SINGLE_FAMILY,0.27,27540,605515,4.0,,,2063317680,3.0,2883.0
8,SINGLE_FAMILY,0.472,27502,1196313,5.0,,,2064283120,6.0,5237.0
9,SINGLE_FAMILY,0.388,27502,1349076,5.0,,,2064284967,5.0,5006.0
10,SINGLE_FAMILY,0.147,27610,498535,2.0,,,2064340287,2.0,1861.0
11,SINGLE_FAMILY,0.169,27526,477448,4.0,,,2066377891,3.0,2132.0
12,TOWNHOUSE,0.06,27601,754999,3.0,,,2066781856,4.0,2009.0
13,LOT,3.173,27597,150000,,,,2066840334,,
14,SINGLE_FAMILY,0.32,27539,700963,3.0,,,2067257337,4.0,3127.0
15,SINGLE_FAMILY,0.96,27587,1426000,4.0,-78.57981,35.986958,215486951,5.0,4430.0
16,TOWNHOUSE,0.4,27587,349900,3.0,-78.48959,35.978943,215487102,3.0,1600.0
17,SINGLE_FAMILY,0.21000000000000002,27587,570000,4.0,-78.51495,35.95514,215492830,4.0,2975.0
18,SINGLE_FAMILY,0.104,27587,368000,3.0,-78.499504,35.978832,215493038,3.0,1530.0
19,SINGLE_FAMILY,0.22999999999999998,27540,875000,5.0,-78.85988,35.663055,248747622,5.0,4300.0
20,SINGLE_FAMILY,0.37,27616,692000,7.0,-78.55687,35.850586,248752120,7.0,4400.0
21,SINGLE_FAMILY,0.15,27526,390000,3.0,-78.74564,35.589546,248755285,2.0,1461.0
22,SINGLE_FAMILY,0.57,27571,645000,5.0,-78.45934,35.9099,248756599,4.0,3658.0
23,TOWNHOUSE,0.05,27502,2295,3.0,-78.84576,35.740353,305116958,2.5,2447.0
24,TOWNHOUSE,0.025,27502,510000,4.0,-78.88331,35.743206,305125083,4.0,2421.0
25,SINGLE_FAMILY,2.0,27511,480000,2.0,-78.771645,35.766575,50097681,4.0,3052.0
26,SINGLE_FAMILY,0.25,27502,560000,4.0,-78.91004,35.730774,50103431,3.0,2073.0
27,SINGLE_FAMILY,0.21000000000000002,27540,655000,5.0,-78.794174,35.656128,50105966,3.0,2845.0
28,SINGLE_FAMILY,0.1,27604,328500,3.0,-78.57107,35.802372,50106727,2.0,1081.0
29,SINGLE_FAMILY,0.16999999999999998,27606,455000,3.0,-78.73403,35.74851,50107007,2.0,1977.0
30,SINGLE_FAMILY,0.2,27545,354500,3.0,-78.463455,35.812225,50110083,2.0,1307.0
31,SINGLE_FAMILY,0.57,27587,775000,5.0,-78.54073,36.008755,50114073,3.0,3348.0
32,SINGLE_FAMILY,0.28,27603,575000,4.0,-78.66991,35.668106,50114254,3.0,2350.0
33,SINGLE_FAMILY,0.26,27502,623000,4.0,-78.88731,35.732674,50114442,3.0,2376.0
34,SINGLE_FAMILY,0.15,27612,450000,3.0,-78.71797,35.85536,50115391,3.0,1669.0
35,SINGLE_FAMILY,0.34,27523,635000,4.0,-78.8833,35.75961,50116002,3.0,2337.0
36,SINGLE_FAMILY,0.04,27614,360000,3.0,-78.590454,35.908638,50116351,3.0,1686.0
37,SINGLE_FAMILY,0.55,27587,482500,3.0,-78.540474,36.004005,50119795,3.0,1940.0
38,SINGLE_FAMILY,0.16999999999999998,27617,549900,4.0,-78.732414,35.905746,50120492,3.0,1953.0
39,SINGLE_FAMILY,0.36,27614,750000,4.0,-78.5839,35.916573,50121891,3.0,3350.0
